Lognormal tax per epoch (sigma 1.2), 15% empty epochs: a small token with a few trades per epoch.

  ep dt     inflow      echo  TAX  RES   mode T buy alw res REL CEIL |      A   PK  dd LV W S CD TR |      allow    decided     bought    reserve clamp   kernel flags
----------------------------------------------------------------------------------------------------------------------------------------------------------------------
   1  1  3.694e+15         0  414    0 CRUISE 0 144  48  64   2  440 |  68.00   68   0  8 3 0  0  0 |  6.926e+14  2.078e+15  2.078e+15  9.235e+14     0        - warm
   2  1  6.754e+15 6.234e+13  420  398 CRUISE 1 160  32  64   2  432 |  74.00   74   0  8 2 0  0  0 |  8.443e+14  4.229e+15  4.229e+15  2.605e+15     0        - tierup,warm
   3  1  1.269e+14 1.269e+14  375  410 CRUISE 1 160  32  64   2  432 |  71.00   74   3  8 1 0  0  0 |  1.586e+13  9.963e+13  9.963e+13  2.616e+15     0        - dip,warm
   4  1  1.074e+16 2.989e+12  426  410 CRUISE 1 160  32  64   2  432 |  80.00   80   0  8 0 0  0  0 |  1.343e+15  6.734e+15  6.734e+15  5.281e+15     0        - warm
   5  1  2.182e+15 2.020e+14  408  418 CRUISE 1 160  32  64   2  432 |  77.00   80   3  8 0 0  0  0 |  2.728e+14  1.405e+15  1.405e+15  5.785e+15     0        - dip
   6  1  4.215e+13 4.215e+13  362  419 CRUISE 1 160  32  64   2  432 |  74.00   80   6  8 0 0  0  0 |  5.269e+12  7.155e+13  7.155e+13  5.751e+15     0        - dip
   7  1  4.209e+16 2.146e+12  442  419 CRUISE 1 160  32  64   2  432 |  79.50   80   1  8 0 1  0  0 |  5.261e+15  2.635e+16  2.635e+16  1.623e+16     0        - surge
   8  1  2.737e+15 7.905e+14  410  431 CRUISE 1 160  32  64   2  432 |  76.50   79   3  8 0 0  0  0 |  3.422e+14  1.838e+15  1.838e+15  1.679e+16     0        - dip
   9  1  5.513e+13 5.513e+13  365  431 CRUISE 1 160  32  64   2  432 |  73.50   79   6  8 0 0  0  0 |  6.891e+12  1.656e+14  1.656e+14  1.667e+16     0        - dip
  10  1  1.849e+16 4.968e+12  433  431 CRUISE 1 160  32  64   2  432 |  76.75   79   3  8 0 1  0  0 |  2.312e+15  1.169e+16  1.169e+16  2.116e+16     0        - surge
  11  1  1.922e+15 3.506e+14  406  434 CRUISE 1 160  32  64   2  432 |  73.75   79   6  8 0 0  0  0 |  2.403e+14  1.367e+15  1.367e+15  2.148e+16     0        - dip
  12  1  5.109e+14 4.100e+13  391  434 CRUISE 1 160  32  64   2  432 |  70.75   78   8  8 0 0  0  0 |  6.386e+13  4.871e+14  4.871e+14  2.144e+16     0        - dip
  13  1  1.158e+15 1.461e+13  401  434 CRUISE 1 160  32  64   2  432 |  67.75   78  11  8 0 0  0  0 |  1.447e+14  8.912e+14  8.912e+14  2.156e+16     0        - dip
  14  1  9.354e+14 2.674e+13  398  434 CRUISE 1 160  32  64   2  432 |  64.75   78  14  8 0 0  0  0 |  1.169e+14  7.530e+14  7.530e+14  2.162e+16     0        - dip
  15  1  7.122e+14 2.259e+13  395  434 DEFEND 1 256   0   0  34  432 |  61.75   78  17  8 0 0  0  3 |          0  3.584e+15  3.584e+15  1.875e+16     0        - dip,release
  16  1  1.075e+14 1.075e+14  373  433 DEFEND 1 256   0   0  38  432 |  58.75   77  19  8 0 0  0  2 |          0  2.891e+15  2.891e+15  1.597e+16     0        - dip,release
  17  1  1.397e+16 8.673e+13  429  431 DEFEND 2 256   0   0  32  424 |  64.75   77  13  8 0 0  0  1 |          0  1.596e+16  1.596e+16  1.397e+16     0        - release,tierup
  18  1  4.789e+14 4.789e+14  390  429 DEFEND 2 256   0   0  32  424 |  61.75   77  16  8 0 0  0  0 |          0  2.225e+15  2.225e+15  1.223e+16     0        - dip,release
  19  1  6.676e+13 6.676e+13  368  427   REST 2 176  16  64   2  424 |  58.75   77  19  8 0 0  5  0 |  4.173e+12  1.414e+14  1.414e+14  1.215e+16     0        - dip,cooldown
  20  1  4.598e+15 4.242e+12  417  427   REST 2 176  16  64   2  424 |  61.75   76  15  8 0 0  4  0 |  2.873e+14  3.256e+15  3.256e+15  1.320e+16     0        - cooldown
  21  1  2.896e+15 9.767e+13  411  428   REST 2 176  16  64   2  424 |  62.50   76  14  8 0 0  3  0 |  1.810e+14  2.094e+15  2.094e+15  1.382e+16     0        - cooldown
  22  1  6.282e+13 6.282e+13  367  429   REST 2 176  16  64   2  424 |  59.50   76  17  8 0 0  2  0 |  3.926e+12  1.512e+14  1.512e+14  1.373e+16     0        - dip,cooldown
  23  1  8.967e+14 4.535e+12  397  429   REST 2 176  16  64   2  424 |  57.25   76  19  8 0 0  1  0 |  5.604e+13  7.238e+14  7.238e+14  1.385e+16     0        - dip,cooldown
  24  1  6.572e+14 2.171e+13  394  429   REST 2 176  16  64   2  424 |  54.75   75  21  8 0 0  0  0 |  4.108e+13  5.600e+14  5.600e+14  1.390e+16     0        - dip,cooldown
  25  1  1.881e+15 1.680e+13  406  429 DEFEND 2 256   0   0  38  424 |  56.00   75  19  8 0 0  0  3 |          0  3.945e+15  3.945e+15  1.184e+16     0        - release
  26  1  1.359e+15 1.183e+14  402  427 DEFEND 2 256   0   0  38  424 |  56.00   75  19  8 0 0  0  2 |          0  3.117e+15  3.117e+15  1.008e+16     0        - release
  27  1  9.351e+13 9.351e+13  371  425 DEFEND 2 256   0   0  44  424 |  53.00   75  22  8 0 0  0  1 |          0  1.826e+15  1.826e+15  8.349e+15     0        - dip,release
  28  1  1.205e+16 5.479e+13  427  423 DEFEND 2 256   0   0  32  424 |  60.00   74  14  8 0 0  0  0 |          0  1.309e+16  1.309e+16  7.306e+15     0        - release
  29  1  1.751e+15 3.927e+14  405  421   REST 2 176  16  64   2  424 |  59.75   74  15  8 0 0  5  0 |  1.094e+14  1.261e+15  1.261e+15  7.686e+15     0        - cooldown
  30  1  6.894e+15 3.783e+13  421  422   REST 2 176  16  64   2  424 |  63.50   74  11  8 0 0  4  0 |  4.309e+14  4.800e+15  4.800e+15  9.350e+15     0        - cooldown
  31  1  2.827e+15 1.440e+14  411  425   REST 2 176  16  64   2  424 |  63.75   74  11  8 0 0  3  0 |  1.767e+14  2.017e+15  2.017e+15  9.983e+15     0        - cooldown
  32  1  4.276e+15 6.050e+13  416  425   REST 2 176  16  64   2  424 |  65.25   73   8  8 0 0  2  0 |  2.672e+14  3.018e+15  3.018e+15  1.097e+16     0        - cooldown
  33  1  9.053e+13 9.053e+13  371  426   REST 2 176  16  64   2  424 |  62.25   73  11  8 0 0  1  0 |  5.658e+12  1.480e+14  1.480e+14  1.091e+16     0        - dip,cooldown
  34  1  1.762e+16 4.439e+12  432  426   REST 2 176  16  64   2  424 |  68.00   73   5  8 0 1  0  0 |  1.101e+15  1.220e+16  1.220e+16  1.523e+16     0        - surge,cooldown
  35  1  1.060e+15 3.660e+14  400  430 CRUISE 2 176  16  64   2  424 |  65.00   73   8  8 0 0  0  0 |  6.624e+13  8.476e+14  8.476e+14  1.538e+16     0        - dip
  36  1  3.637e+15 2.543e+13  413  430 CRUISE 2 176  16  64   2  424 |  65.50   72   7  8 0 0  0  0 |  2.273e+14  2.620e+15  2.620e+15  1.617e+16     0        - -
  37  1  2.305e+15 7.861e+13  409  431 CRUISE 2 176  16  64   2  424 |  64.75   72   8  8 0 0  0  0 |  1.441e+14  1.711e+15  1.711e+15  1.662e+16     0        - -
  38  1  1.303e+16 5.134e+13  428  431 CRUISE 2 176  16  64   2  424 |  69.00   72   3  8 0 1  0  0 |  8.141e+14  9.085e+15  9.085e+15  1.974e+16     0        - surge
  39  1  2.726e+14 2.726e+14  384  433 CRUISE 2 176  16  64   2  424 |  66.00   72   6  8 0 0  0  0 |  1.703e+13  3.416e+14  3.416e+14  1.966e+16     0        - dip
  40  1  1.884e+15 1.025e+13  406  433 CRUISE 2 176  16  64   2  424 |  64.50   71   7  8 0 0  0  0 |  1.177e+14  1.449e+15  1.449e+15  1.997e+16     0        - -
  41  1  2.218e+16 4.346e+13  434  433 CRUISE 2 176  16  64   2  424 |  70.25   71   1  8 0 1  0  0 |  1.386e+15  1.540e+16  1.540e+16  2.536e+16     0        - surge
  42  1  4.621e+14 4.621e+14  390  436 CRUISE 2 176  16  64   2  424 |  67.25   71   4  8 0 0  0  0 |  2.888e+13  5.158e+14  5.158e+14  2.528e+16     0        - dip
  43  1  7.319e+15 1.547e+13  422  436 CRUISE 2 176  16  64   2  424 |  69.25   71   2  8 0 0  0  0 |  4.574e+14  5.229e+15  5.229e+15  2.691e+16     0        - -
  44  1  1.569e+14 1.569e+14  377  436 CRUISE 2 176  16  64   2  424 |  66.25   70   4  8 0 0  0  0 |  9.805e+12  3.181e+14  3.181e+14  2.674e+16     0        - dip
  45  1  2.964e+16 9.543e+12  438  436 CRUISE 2 176  16  64   2  424 |  72.50   72   0  8 0 1  0  0 |  1.853e+15  2.059e+16  2.059e+16  3.394e+16     0        - surge
  46  1  1.367e+16 6.176e+14  429  440   BANK 2 108   8 140   2  424 |  75.00   75   0  8 0 2  0  0 |  4.271e+14  6.031e+15  6.031e+15  4.115e+16     0        - surge
  47  1  5.118e+15 1.809e+14  418  442   BANK 2 120   8 128   2  424 |  74.25   75   1  8 0 1  0  0 |  1.599e+14  2.720e+15  2.720e+15  4.339e+16     0        - -
  48  1  8.161e+13 8.161e+13  370  442 DEFEND 2 256   0   0  32  424 |  71.25   74   3  8 0 0  0  3 |          0  5.505e+15  5.505e+15  3.797e+16     0        - dip,release
  49  1  9.785e+14 1.652e+14  398  441 DEFEND 2 256   0   0  32  424 |  68.25   74   6  8 0 0  0  2 |          0  5.724e+15  5.724e+15  3.322e+16     0        - dip,release
  50  1  1.717e+14 1.717e+14  378  439 DEFEND 2 256   0   0  32  424 |  65.25   74   9  8 0 0  0  1 |          0  4.324e+15  4.324e+15  2.907e+16     0        - dip,release
  51  1  1.594e+15 1.297e+14  404  437 DEFEND 2 256   0   0  32  424 |  63.25   74  11  8 0 0  0  0 |          0  5.227e+15  5.227e+15  2.543e+16     0        - release
  52  1  3.943e+15 1.568e+14  415  436   REST 2 176  16  64   2  424 |  64.50   73   9  8 0 0  5  0 |  2.464e+14  2.909e+15  2.909e+15  2.622e+16     0        - cooldown
  53  1  3.624e+16 8.728e+13  441  436   REST 2 176  16  64   2  424 |  72.00   73   1  8 0 1  4  0 |  2.265e+15  2.512e+16  2.512e+16  3.508e+16     0        - surge,cooldown
  54  1  2.974e+16 7.536e+14  438  440   REST 2 176  16  64   2  424 |  77.00   77   0  8 0 2  3  0 |  1.859e+15  2.072e+16  2.072e+16  4.224e+16     0        - surge,cooldown
  55  1  1.226e+16 6.217e+14  427  442   REST 2 176  16  64   2  424 |  78.00   78   0  8 0 1  2  0 |  7.662e+14  8.758e+15  8.758e+15  4.497e+16     0        - cooldown
  56  1  2.627e+14 2.627e+14  383  442   REST 2 176  16  64   2  424 |  75.00   77   2  8 0 0  1  0 |  1.642e+13  5.320e+14  5.320e+14  4.469e+16     0        - dip,cooldown
  57  1  5.676e+15 1.596e+13  419  442   REST 2 176  16  64   2  424 |  74.50   77   3  8 0 0  0  0 |  3.548e+14  4.251e+15  4.251e+15  4.576e+16     0        - cooldown
  58  1  8.426e+15 1.275e+14  423  443 CRUISE 2 176  16  64   2  424 |  75.00   77   2  8 0 0  0  0 |  5.266e+14  6.150e+15  6.150e+15  4.751e+16     0        - -
  59  1  4.329e+15 1.845e+14  416  443 CRUISE 2 176  16  64   2  424 |  73.75   77   4  8 0 0  0  0 |  2.706e+14  3.347e+15  3.347e+15  4.822e+16     0        - -
  60  1  6.808e+14 1.004e+14  394  443 CRUISE 2 176  16  64   2  424 |  70.75   76   6  8 0 0  0  0 |  4.255e+13  8.447e+14  8.447e+14  4.801e+16     0        - dip
  61  1  5.854e+16 2.534e+13  445  443 CRUISE 2 176  16  64   2  424 |  77.75   77   0  8 0 1  0  0 |  3.659e+15  4.062e+16  4.062e+16  6.227e+16     0        - surge
  62  1  9.596e+15 1.219e+15  425  446 CRUISE 2 176  16  64   2  424 |  78.00   78   0  8 0 0  0  0 |  5.998e+14  7.084e+15  7.084e+15  6.418e+16     0        - -
  63  1  4.280e+15 2.125e+14  416  447 CRUISE 2 176  16  64   2  424 |  76.00   78   2  8 0 0  0  0 |  2.675e+14  3.444e+15  3.444e+15  6.475e+16     0        - dip
  64  1  6.665e+15 1.033e+14  420  447 CRUISE 2 176  16  64   2  424 |  75.50   77   2  8 0 0  0  0 |  4.166e+14  5.088e+15  5.088e+15  6.591e+16     0        - -
  65  1  1.526e+14 1.526e+14  377  447 CRUISE 2 176  16  64   2  424 |  72.50   77   5  8 0 0  0  0 |  9.541e+12  6.199e+14  6.199e+14  6.544e+16     0        - dip
  66  1  4.401e+15 1.860e+13  416  447 CRUISE 2 176  16  64   2  424 |  71.75   77   6  8 0 0  0  0 |  2.750e+14  3.537e+15  3.537e+15  6.602e+16     0        - -
  67  1  1.061e+14 1.061e+14  373  447 CRUISE 2 176  16  64   2  424 |  68.75   77   9  8 0 0  0  0 |  6.631e+12  5.888e+14  5.888e+14  6.554e+16     0        - dip
  68  1  1.053e+15 1.766e+13  399  447 CRUISE 2 176  16  64   2  424 |  65.75   76  11  8 0 0  0  0 |  6.579e+13  1.236e+15  1.236e+15  6.529e+16     0        - dip
  69  1  3.707e+13 3.707e+13  361  447 CRUISE 2 176  16  64   2  424 |  62.75   76  14  8 0 0  0  0 |  2.317e+12  5.355e+14  5.355e+14  6.479e+16     0        - dip
  70  1  1.456e+15 1.607e+13  403  447 CRUISE 2 176  16  64   2  424 |  61.25   76  15  8 0 0  0  0 |  9.101e+13  1.507e+15  1.507e+15  6.464e+16     0        - -
  71  1  1.025e+16 4.522e+13  426  447 CRUISE 2 176  16  64   2  424 |  65.75   76  11  8 0 0  0  0 |  6.407e+14  7.552e+15  7.552e+15  6.670e+16     0        - -
  72  1  2.040e+15 2.266e+14  407  447 CRUISE 2 176  16  64   2  424 |  64.50   75  11  8 0 0  0  0 |  1.275e+14  1.924e+15  1.924e+15  6.669e+16     0        - -
  73  1  5.430e+15 5.771e+13  418  447 CRUISE 2 176  16  64   2  424 |  66.25   75   9  8 0 0  0  0 |  3.394e+14  4.254e+15  4.254e+15  6.753e+16     0        - -
  74  1  2.536e+15 1.276e+14  410  447 CRUISE 2 176  16  64   2  424 |  65.50   75  10  8 0 0  0  0 |  1.585e+14  2.271e+15  2.271e+15  6.763e+16     0        - -
  75  1  1.714e+15 6.814e+13  405  448 CRUISE 2 176  16  64   2  424 |  63.75   75  12  8 0 0  0  0 |  1.071e+14  1.707e+15  1.707e+15  6.753e+16     0        - -
  76  1  6.654e+15 5.121e+13  420  447 CRUISE 2 176  16  64   2  424 |  66.25   74   8  8 0 0  0  0 |  4.159e+14  5.102e+15  5.102e+15  6.867e+16     0        - -
  77  1  1.531e+14 1.531e+14  377  448 CRUISE 2 176  16  64   2  424 |  63.25   74  11  8 0 0  0  0 |  9.567e+12  6.417e+14  6.417e+14  6.817e+16     0        - dip
  78  1  6.565e+14 1.925e+13  394  448 CRUISE 2 176  16  64   2  424 |  60.25   74  14  8 0 0  0  0 |  4.103e+13  9.840e+14  9.840e+14  6.780e+16     0        - dip
  79  1  1.500e+15 2.952e+13  403  448 CRUISE 2 176  16  64   2  424 |  59.25   74  15  8 0 0  0  0 |  9.376e+13  1.561e+15  1.561e+15  6.765e+16     0        - -
  80  1  7.671e+15 4.683e+13  422  448 CRUISE 2 176  16  64   2  424 |  63.25   73  10  8 0 0  0  0 |  4.794e+14  5.802e+15  5.802e+15  6.904e+16     0        - -
  81  1  1.604e+16 1.741e+14  431  448 CRUISE 2 176  16  64   2  424 |  68.50   73   5  8 0 1  0  0 |  1.003e+15  1.157e+16  1.157e+16  7.251e+16     0        - surge
  82  1  2.473e+15 3.471e+14  409  449 CRUISE 2 176  16  64   2  424 |  67.00   73   6  8 0 0  0  0 |  1.546e+14  2.267e+15  2.267e+15  7.256e+16     0        - -
  83  1  6.498e+15 6.800e+13  420  449 CRUISE 2 176  16  64   2  424 |  68.75   73   5  8 0 0  0  0 |  4.061e+14  5.034e+15  5.034e+15  7.362e+16     0        - -
  84  1  3.861e+15 1.510e+14  414  449 CRUISE 2 176  16  64   2  424 |  68.50   72   4  8 0 0  0  0 |  2.413e+14  3.230e+15  3.230e+15  7.401e+16     0        - -
  85  1  5.686e+15 9.689e+13  419  449 CRUISE 2 176  16  64   2  424 |  69.50   72   3  8 0 0  0  0 |  3.554e+14  4.487e+15  4.487e+15  7.485e+16     0        - -
  86  1  7.439e+15 1.346e+14  422  449 CRUISE 2 176  16  64   2  424 |  71.00   72   1  8 0 0  0  0 |  4.649e+14  5.699e+15  5.699e+15  7.613e+16     0        - -
  87  1  2.905e+15 1.710e+14  411  449 CRUISE 2 176  16  64   2  424 |  69.50   72   3  8 0 0  0  0 |  1.816e+14  2.592e+15  2.592e+15  7.626e+16     0        - -
  88  1  9.276e+15 7.775e+13  425  449 CRUISE 2 176  16  64   2  424 |  71.75   71   0  8 0 0  0  0 |  5.797e+14  6.973e+15  6.973e+15  7.798e+16     0        - -
  89  1  6.341e+15 2.092e+14  420  449 CRUISE 2 176  16  64   2  424 |  72.25   72   0  8 0 0  0  0 |  3.963e+14  4.968e+15  4.968e+15  7.896e+16     0        - -
  90  1  7.138e+14 1.491e+14  395  449 CRUISE 2 176  16  64   2  424 |  69.25   72   3  8 0 0  0  0 |  4.461e+13  1.108e+15  1.108e+15  7.852e+16     0        - dip
  91  1  1.966e+15 3.323e+13  406  449 CRUISE 2 176  16  64   2  424 |  66.75   72   6  8 0 0  0  0 |  1.229e+14  1.965e+15  1.965e+15  7.840e+16     0        - dip
  92  1  5.896e+13 5.896e+13  366  449 CRUISE 2 176  16  64   2  424 |  63.75   71   8  8 0 0  0  0 |  3.685e+12  6.530e+14  6.530e+14  7.780e+16     0        - dip
  93  1  1.959e+13 1.959e+13  353  449 CRUISE 2 176  16  64   2  424 |  60.75   71  11  8 0 0  0  0 |  1.224e+12  6.213e+14  6.213e+14  7.720e+16     0        - dip
  94  1  8.329e+15 1.864e+13  423  449 CRUISE 2 176  16  64   2  424 |  64.75   71   7  8 0 0  0  0 |  5.205e+14  6.329e+15  6.329e+15  7.868e+16     0        - -
  95  1  5.264e+15 1.899e+14  418  449 CRUISE 2 176  16  64   2  424 |  66.50   71   5  8 0 0  0  0 |  3.290e+14  4.234e+15  4.234e+15  7.938e+16     0        - -
  96  1  3.487e+15 1.270e+14  413  449 CRUISE 2 176  16  64   2  424 |  66.50   70   4  8 0 0  0  0 |  2.179e+14  3.017e+15  3.017e+15  7.963e+16     0        - -
  97  1  3.834e+15 9.052e+13  414  449 CRUISE 2 176  16  64   2  424 |  66.75   70   4  8 0 0  0  0 |  2.396e+14  3.258e+15  3.258e+15  7.996e+16     0        - -
  98  1  2.936e+16 9.774e+13  438  449 CRUISE 2 176  16  64   2  424 |  73.00   73   0  8 0 1  0  0 |  1.835e+15  2.081e+16  2.081e+16  8.668e+16     0        - surge
  99  1  6.243e+14 6.243e+14  393  450 CRUISE 2 176  16  64   2  424 |  70.00   73   3  8 0 0  0  0 |  3.902e+13  1.106e+15  1.106e+15  8.616e+16     0        - dip
 100  1  7.845e+14 3.319e+13  396  450 CRUISE 2 176  16  64   2  424 |  67.00   72   5  8 0 0  0  0 |  4.903e+13  1.212e+15  1.212e+15  8.568e+16     0        - dip
 101  1  1.032e+16 3.637e+13  426  450 CRUISE 2 176  16  64   2  424 |  70.25   72   2  8 0 1  0  0 |  6.448e+14  7.763e+15  7.763e+15  8.759e+16     0        - surge
 102  1  2.329e+14 2.329e+14  382  450 CRUISE 2 176  16  64   2  424 |  67.25   72   5  8 0 0  0  0 |  1.455e+13  8.444e+14  8.444e+14  8.697e+16     0        - dip
 103  1  8.122e+15 2.533e+13  423  450 CRUISE 2 176  16  64   2  424 |  69.50   72   3  8 0 0  0  0 |  5.076e+14  6.263e+15  6.263e+15  8.832e+16     0        - -
 104  1  1.113e+16 1.879e+14  426  450 CRUISE 2 176  16  64   2  424 |  72.00   72   0  8 0 1  0  0 |  6.955e+14  8.340e+15  8.340e+15  9.041e+16     0        - surge
 105  1  1.886e+16 2.502e+14  433  451   BANK 2  92   8 156   2  424 |  75.75   75   0  8 0 2  0  0 |  5.894e+14  7.485e+15  7.485e+15  1.012e+17     0        - surge
 106  1  2.245e+14 2.245e+14  381  452   BANK 2 120   8 128   2  424 |  72.75   75   3  8 0 1  0  0 |  7.017e+12  8.959e+14  8.959e+14  1.005e+17     0        - dip
 107  1  2.831e+16 2.688e+13  437  452   BANK 2  88   8 160   2  424 |  77.25   77   0  8 0 2  0  0 |  8.847e+14  1.052e+16  1.052e+16  1.174e+17     0        - surge
 108  1  3.155e+14 3.155e+14  385  454   BANK 2 120   8 128   2  424 |  74.25   76   2  8 0 1  0  0 |  9.859e+12  1.065e+15  1.065e+15  1.167e+17     0        - dip
 109  1  3.196e+13 3.196e+13  359  453 DEFEND 2 256   0   0  32  424 |  71.25   76   5  8 0 0  0  3 |          0  1.462e+16  1.462e+16  1.021e+17     0        - dip,release
 110  1  1.285e+16 4.385e+14  428  452 DEFEND 2 256   0   0  32  424 |  73.75   76   3  8 0 0  0  2 |          0  2.561e+16  2.561e+16  8.932e+16     0        - release
 111  1  1.482e+15 7.684e+14  403  450 DEFEND 2 256   0   0  32  424 |  70.75   76   6  8 0 0  0  1 |          0  1.265e+16  1.265e+16  7.816e+16     0        - dip,release
 112  1  5.338e+15 3.794e+14  418  449 DEFEND 2 256   0   0  32  424 |  71.00   75   4  8 0 0  0  0 |          0  1.511e+16  1.511e+16  6.839e+16     0        - release
 113  1  3.841e+15 4.532e+14  414  448   REST 2 176  16  64   2  424 |  70.25   75   5  8 0 0  5  0 |  2.400e+14  3.175e+15  3.175e+15  6.881e+16     0        - cooldown
 114  1  4.309e+16 9.524e+13  442  448   REST 2 176  16  64   2  424 |  76.50   76   0  8 0 1  4  0 |  2.693e+15  3.016e+16  3.016e+16  7.905e+16     0        - surge,cooldown
 115  1  1.246e+15 9.048e+14  401  449   REST 2 176  16  64   2  424 |  73.50   76   3  8 0 0  3  0 |  7.788e+13  1.474e+15  1.474e+15  7.874e+16     0        - dip,cooldown
 116  1  1.305e+16 4.423e+13  428  449   REST 2 176  16  64   2  424 |  75.50   75   0  8 0 0  2  0 |  8.154e+14  9.584e+15  9.584e+15  8.139e+16     0        - cooldown
 117  1  2.874e+16 2.875e+14  437  450   REST 2 176  16  64   2  424 |  79.25   79   0  8 0 1  1  0 |  1.796e+15  2.040e+16  2.040e+16  8.794e+16     0        - surge,cooldown
 118  1  1.360e+16 6.119e+14  429  450   REST 2 176  16  64   2  424 |  80.00   80   0  8 0 0  0  0 |  8.502e+14  1.004e+16  1.004e+16  9.065e+16     0        - cooldown
 119  1  3.012e+14 3.012e+14  385  451 CRUISE 2 176  16  64   2  424 |  77.00   80   3  8 0 0  0  0 |  1.882e+13  9.153e+14  9.153e+14  9.002e+16     0        - dip
 120  1  1.030e+15 2.746e+13  399  450 CRUISE 2 176  16  64   2  424 |  74.00   79   5  8 0 0  0  0 |  6.435e+13  1.411e+15  1.411e+15  8.957e+16     0        - dip
 121  1  3.874e+14 4.233e+13  388  450 CRUISE 2 176  16  64   2  424 |  71.00   79   8  8 0 0  0  0 |  2.421e+13  9.661e+14  9.661e+14  8.897e+16     0        - dip
 122  1  2.898e+13 2.898e+13  358  450 CRUISE 2 176  16  64   2  424 |  68.00   79  11  8 0 0  0  0 |  1.812e+12  7.150e+14  7.150e+14  8.828e+16     0        - dip
 123  1  9.141e+14 2.145e+13  397  450 CRUISE 2 176  16  64   2  424 |  65.00   79  14  8 0 0  0  0 |  5.713e+13  1.318e+15  1.318e+15  8.782e+16     0        - dip
 124  1  1.033e+16 3.954e+13  426  450 CRUISE 2 176  16  64   2  424 |  68.75   78  10  8 0 0  0  0 |  6.458e+14  7.790e+15  7.790e+15  8.972e+16     0        - -
 125  1  3.948e+15 2.337e+14  415  450 CRUISE 2 176  16  64   2  424 |  68.75   78  10  8 0 0  0  0 |  2.467e+14  3.415e+15  3.415e+15  9.000e+16     0        - -
 126  1  6.915e+15 1.024e+14  421  450 CRUISE 2 176  16  64   2  424 |  70.25   78   8  8 0 0  0  0 |  4.322e+14  5.457e+15  5.457e+15  9.103e+16     0        - -
 127  1  5.453e+15 1.637e+14  418  451 CRUISE 2 176  16  64   2  424 |  70.50   78   8  8 0 0  0  0 |  3.408e+14  4.460e+15  4.460e+15  9.168e+16     0        - -
 128  1  2.076e+16 1.338e+14  434  451 CRUISE 2 176  16  64   2  424 |  74.75   77   3  8 0 1  0  0 |  1.297e+15  1.499e+16  1.499e+16  9.616e+16     0        - surge
 129  1  4.496e+14 4.496e+14  389  451 CRUISE 2 176  16  64   2  424 |  71.75   77   6  8 0 0  0  0 |  2.810e+13  1.060e+15  1.060e+15  9.552e+16     0        - dip
 130  1  7.594e+14 3.181e+13  395  451 CRUISE 2 176  16  64   2  424 |  68.75   77   9  8 0 0  0  0 |  4.746e+13  1.268e+15  1.268e+15  9.496e+16     0        - dip
 131  1  1.248e+16 3.805e+13  428  451 CRUISE 2 176  16  64   2  424 |  72.00   77   5  8 0 0  0  0 |  7.801e+14  9.323e+15  9.323e+15  9.734e+16     0        - -
 132  1  2.797e+14 2.797e+14  384  451 CRUISE 2 176  16  64   2  424 |  69.00   76   7  8 0 0  0  0 |  1.748e+13  9.527e+14  9.527e+14  9.665e+16     0        - dip
 133  1  1.653e+15 2.858e+13  404  451 CRUISE 2 176  16  64   2  424 |  66.25   76  10  8 0 0  0  0 |  1.033e+14  1.891e+15  1.891e+15  9.631e+16     0        - dip
 134  1  8.660e+14 5.674e+13  397  451 CRUISE 2 176  16  64   2  424 |  63.25   76  13  8 0 0  0  0 |  5.412e+13  1.348e+15  1.348e+15  9.577e+16     0        - dip
 135  1  2.426e+15 4.043e+13  409  451 CRUISE 2 176  16  64   2  424 |  63.00   76  13  8 0 0  0  0 |  1.517e+14  2.416e+15  2.416e+15  9.563e+16     0        - -
 136  1  3.387e+16 7.249e+13  440  451 CRUISE 2 176  16  64   2  424 |  70.75   75   5  8 0 1  0  0 |  2.117e+15  2.403e+16  2.403e+16  1.033e+17     0        - surge
 137  1  7.210e+14 7.210e+14  395  452 CRUISE 2 176  16  64   2  424 |  67.75   75   8  8 0 0  0  0 |  4.506e+13  1.303e+15  1.303e+15  1.027e+17     0        - dip
 138  1  9.839e+15 3.909e+13  425  452 CRUISE 2 176  16  64   2  424 |  70.50   75   5  8 0 0  0  0 |  6.149e+14  7.567e+15  7.567e+15  1.044e+17     0        - -
 139  1  8.127e+15 2.270e+14  423  452 CRUISE 2 176  16  64   2  424 |  72.00   75   3  8 0 0  0  0 |  5.079e+14  6.403e+15  6.403e+15  1.056e+17     0        - -
 140  1  7.906e+14 1.921e+14  396  452 CRUISE 2 176  16  64   2  424 |  69.00   74   5  8 0 0  0  0 |  4.942e+13  1.369e+15  1.369e+15  1.050e+17     0        - dip
 141  1  1.537e+16 4.106e+13  430  452 CRUISE 2 176  16  64   2  424 |  72.75   74   2  8 0 1  0  0 |  9.608e+14  1.139e+16  1.139e+16  1.080e+17     0        - surge
 142  1  1.788e+16 3.417e+14  432  452   BANK 2 104   8 144   2  424 |  76.00   76   0  8 0 2  0  0 |  5.588e+14  8.108e+15  8.108e+15  1.172e+17     0        - surge
 143  1  2.094e+16 2.433e+14  434  454   BANK 2 104   8 144   2  424 |  79.00   79   0  8 0 3  0  0 |  6.543e+14  9.422e+15  9.422e+15  1.281e+17     0        - surge
 144  1  8.588e+14 2.827e+14  397  455   BANK 2 120   8 128   2  424 |  76.00   78   2  8 0 2  0  0 |  2.684e+13  1.403e+15  1.403e+15  1.275e+17     0        - dip
 145  1  8.875e+15 4.209e+13  424  455   BANK 2 120   8 128   2  424 |  76.50   78   2  8 0 1  0  0 |  2.774e+14  5.156e+15  5.156e+15  1.309e+17     0        - -
 146  1  3.962e+16 1.547e+14  441  455   BANK 3  88   4 164   2  416 |  81.00   81   0  8 0 2  0  0 |  6.191e+14  1.464e+16  1.464e+16  1.553e+17     0        - surge,tierup
 147  1  2.466e+15 4.393e+14  409  457   BANK 3 124   4 128   2  416 |  78.00   81   3  8 0 1  0  0 |  3.853e+13  2.408e+15  2.408e+15  1.553e+17     0        - dip
 148  1  7.223e+13 7.223e+13  369  457 DEFEND 3 256   0   0  32  416 |  75.00   80   5  8 0 0  0  3 |          0  1.949e+16  1.949e+16  1.359e+17     0        - dip,release
 149  1  6.701e+14 5.846e+14  394  456 DEFEND 3 256   0   0  32  416 |  72.00   80   8  8 0 0  0  2 |          0  1.766e+16  1.766e+16  1.189e+17     0        - dip,release
 150  1  2.327e+16 5.298e+14  435  454   REST 3 184   8  64   2  416 |  76.25   80   4  8 0 1  5  0 |  7.271e+14  1.765e+16  1.765e+16  1.238e+17     0        - surge,cooldown
 151  1  4.785e+15 5.296e+14  417  454   REST 3 184   8  64   2  416 |  74.75   80   6  8 0 0  4  0 |  1.495e+14  4.406e+15  4.406e+15  1.240e+17     0        - cooldown
 152  1  1.406e+15 1.322e+14  402  454   REST 3 184   8  64   2  416 |  71.75   79   8  8 0 0  3  0 |  4.393e+13  1.979e+15  1.979e+15  1.234e+17     0        - dip,cooldown
 153  1  5.938e+13 5.938e+13  366  454   REST 3 184   8  64   2  416 |  68.75   79  11  8 0 0  2  0 |  1.856e+12  1.007e+15  1.007e+15  1.225e+17     0        - dip,cooldown
 154  1  3.021e+13 3.021e+13  358  454   REST 3 184   8  64   2  416 |  65.75   79  14  8 0 0  1  0 |  9.439e+11  9.785e+14  9.785e+14  1.215e+17     0        - dip,cooldown
 155  1  1.057e+15 2.935e+13  400  454   REST 3 184   8  64   2  416 |  62.75   79  17  8 0 0  0  0 |  3.305e+13  1.709e+15  1.709e+15  1.208e+17     0        - dip,cooldown
 156  1  5.942e+15 5.128e+13  419  454 CRUISE 3 184   8  64   2  416 |  65.25   78  13  8 0 0  0  0 |  1.857e+14  5.215e+15  5.215e+15  1.214e+17     0        - -
 157  1  1.564e+14 1.564e+14  377  454 DEFEND 3 256   0   0  32  416 |  62.25   78  16  8 0 0  0  3 |          0  1.533e+16  1.533e+16  1.062e+17     0        - dip,release
 158  1  1.405e+16 4.598e+14  429  452 DEFEND 3 256   0   0  32  416 |  67.25   78  11  8 0 0  0  2 |          0  2.733e+16  2.733e+16  9.293e+16     0        - release
 159  1  9.937e+15 8.198e+14  425  451 DEFEND 3 256   0   0  32  416 |  70.00   78   8  8 0 0  0  1 |          0  2.155e+16  2.155e+16  8.131e+16     0        - release
 160  1  8.357e+15 6.466e+14  423  450 DEFEND 3 256   0   0  32  416 |  71.75   77   6  8 0 0  0  0 |          0  1.852e+16  1.852e+16  7.115e+16     0        - release
 161  1  1.481e+16 5.556e+14  430  448   REST 3 184   8  64   2  416 |  74.75   77   3  8 0 0  5  0 |  4.628e+14  1.120e+16  1.120e+16  7.429e+16     0        - cooldown
 162  1  8.829e+15 3.360e+14  424  449   REST 3 184   8  64   2  416 |  75.50   77   2  8 0 0  4  0 |  2.759e+14  6.926e+15  6.926e+15  7.592e+16     0        - cooldown
 163  1  2.078e+14 2.078e+14  380  449   REST 3 184   8  64   2  416 |  72.50   77   5  8 0 0  3  0 |  6.493e+12  7.425e+14  7.425e+14  7.538e+16     0        - dip,cooldown
 164  1  3.977e+16 2.227e+13  441  449   REST 3 184   8  64   2  416 |  78.00   78   0  8 0 1  2  0 |  1.243e+15  2.917e+16  2.917e+16  8.473e+16     0        - surge,cooldown
 165  1  8.751e+14 8.751e+14  397  450   REST 3 184   8  64   2  416 |  75.00   78   3  8 0 0  1  0 |  2.735e+13  1.291e+15  1.291e+15  8.429e+16     0        - dip,cooldown
 166  1  7.399e+15 3.873e+13  422  450   REST 3 184   8  64   2  416 |  75.25   78   3  8 0 0  0  0 |  2.312e+14  5.977e+15  5.977e+15  8.548e+16     0        - cooldown
 167  1  1.793e+14 1.793e+14  379  450 CRUISE 3 184   8  64   2  416 |  72.25   78   6  8 0 0  0  0 |  5.603e+12  7.967e+14  7.967e+14  8.486e+16     0        - dip
 168  1  1.202e+16 2.390e+13  427  450 CRUISE 3 184   8  64   2  416 |  74.25   77   3  8 0 0  0  0 |  3.756e+14  9.301e+15  9.301e+15  8.720e+16     0        - -
 169  1  6.157e+15 2.790e+14  419  450 CRUISE 3 184   8  64   2  416 |  73.75   77   4  8 0 0  0  0 |  1.924e+14  5.107e+15  5.107e+15  8.806e+16     0        - -
 170  1  8.011e+15 1.532e+14  423  450 CRUISE 3 184   8  64   2  416 |  74.50   77   3  8 0 0  0  0 |  2.503e+14  6.446e+15  6.446e+15  8.937e+16     0        - -
 171  1  2.878e+16 1.934e+14  437  450 CRUISE 3 184   8  64   2  416 |  78.50   78   0  8 0 1  0  0 |  8.994e+14  2.138e+16  2.138e+16  9.587e+16     0        - surge
 172  1  5.848e+15 6.415e+14  419  451 CRUISE 3 184   8  64   2  416 |  77.00   77   0  8 0 0  0  0 |  1.828e+14  4.953e+15  4.953e+15  9.658e+16     0        - -
 173  1  1.220e+16 1.486e+14  427  451 CRUISE 3 184   8  64   2  416 |  78.00   78   0  8 0 0  0  0 |  3.813e+14  9.524e+15  9.524e+15  9.888e+16     0        - -
 174  1  9.322e+15 2.857e+14  425  451 CRUISE 3 184   8  64   2  416 |  78.25   78   0  8 0 0  0  0 |  2.913e+14  7.472e+15  7.472e+15  1.004e+17     0        - -
 175  1  1.624e+16 2.242e+14  431  452 CRUISE 3 184   8  64   2  416 |  79.75   79   0  8 0 0  0  0 |  5.075e+14  1.246e+16  1.246e+16  1.037e+17     0        - -
 176  1  8.053e+14 3.737e+14  396  452 CRUISE 3 184   8  64   2  416 |  76.75   78   2  8 0 0  0  0 |  2.516e+13  1.389e+15  1.389e+15  1.031e+17     0        - dip
 177  1  3.649e+15 4.167e+13  413  452 CRUISE 3 184   8  64   2  416 |  74.25   78   4  8 0 0  0  0 |  1.140e+14  3.428e+15  3.428e+15  1.032e+17     0        - dip
 178  1  4.613e+15 1.028e+14  417  452 CRUISE 3 184   8  64   2  416 |  73.25   78   5  8 0 0  0  0 |  1.442e+14  4.122e+15  4.122e+15  1.036e+17     0        - -
 179  1  6.021e+15 1.237e+14  419  452 CRUISE 3 184   8  64   2  416 |  73.00   78   5  8 0 0  0  0 |  1.882e+14  5.137e+15  5.137e+15  1.043e+17     0        - -
 180  1  1.455e+16 1.541e+14  429  452 CRUISE 3 184   8  64   2  416 |  75.50   77   2  8 0 0  0  0 |  4.547e+14  1.127e+16  1.127e+16  1.071e+17     0        - -
 181  1  3.510e+15 3.382e+14  413  452 CRUISE 3 184   8  64   2  416 |  73.25   77   4  8 0 0  0  0 |  1.097e+14  3.359e+15  3.359e+15  1.071e+17     0        - dip
 182  1  9.015e+16 1.008e+14  451  452 CRUISE 3 184   8  64   2  416 |  81.00   81   0  8 0 1  0  0 |  2.817e+15  6.563e+16  6.563e+16  1.288e+17     0        - surge
 183  1  5.533e+15 1.969e+15  418  455 CRUISE 3 184   8  64   2  416 |  78.75   81   3  8 0 0  0  0 |  1.729e+14  4.983e+15  4.983e+15  1.292e+17     0        - dip
 184  1  4.997e+15 1.495e+14  417  455 CRUISE 3 184   8  64   2  416 |  76.75   80   4  8 0 0  0  0 |  1.561e+14  4.601e+15  4.601e+15  1.294e+17     0        - -
 185  1  9.286e+15 1.380e+14  425  455 CRUISE 3 184   8  64   2  416 |  77.25   80   3  8 0 0  0  0 |  2.902e+14  7.685e+15  7.685e+15  1.307e+17     0        - -
 186  1  8.832e+15 2.306e+14  424  455 CRUISE 3 184   8  64   2  416 |  77.25   80   3  8 0 0  0  0 |  2.760e+14  7.369e+15  7.369e+15  1.319e+17     0        - -
 187  1  9.090e+15 2.211e+14  425  455 CRUISE 3 184   8  64   2  416 |  77.50   80   3  8 0 0  0  0 |  2.841e+14  7.564e+15  7.564e+15  1.332e+17     0        - -
 188  1  2.269e+14 2.269e+14  381  455 CRUISE 3 184   8  64   2  416 |  74.50   79   5  8 0 0  0  0 |  7.091e+12  1.204e+15  1.204e+15  1.322e+17     0        - dip
 189  1  1.144e+15 3.611e+13  401  455 CRUISE 3 184   8  64   2  416 |  71.50   79   8  8 0 0  0  0 |  3.576e+13  1.855e+15  1.855e+15  1.314e+17     0        - dip
 190  1  1.417e+16 5.566e+13  429  455 CRUISE 3 184   8  64   2  416 |  74.25   79   5  8 0 0  0  0 |  4.428e+14  1.121e+16  1.121e+16  1.340e+17     0        - -
 191  1  1.090e+16 3.364e+14  426  455 CRUISE 3 184   8  64   2  416 |  75.50   79   4  8 0 0  0  0 |  3.407e+14  8.883e+15  8.883e+15  1.356e+17     0        - -
 192  1  1.372e+16 2.665e+14  429  456 CRUISE 3 184   8  64   2  416 |  77.25   78   1  8 0 0  0  0 |  4.288e+14  1.092e+16  1.092e+16  1.380e+17     0        - -
 193  1  3.284e+15 3.277e+14  412  456 CRUISE 3 184   8  64   2  416 |  74.25   78   4  8 0 0  0  0 |  1.026e+14  3.439e+15  3.439e+15  1.378e+17     0        - dip
 194  1  1.867e+15 1.032e+14  406  456 CRUISE 3 184   8  64   2  416 |  71.25   78   7  8 0 0  0  0 |  5.834e+13  2.418e+15  2.418e+15  1.371e+17     0        - dip
 195  1  1.578e+15 7.254e+13  404  456 CRUISE 3 184   8  64   2  416 |  68.25   78  10  8 0 0  0  0 |  4.932e+13  2.206e+15  2.206e+15  1.365e+17     0        - dip
 196  1  2.890e+15 6.618e+13  411  456 CRUISE 3 184   8  64   2  416 |  67.25   77  10  8 0 0  0  0 |  9.030e+13  3.143e+15  3.143e+15  1.361e+17     0        - -
 197  1  1.901e+15 9.429e+13  406  456 CRUISE 3 184   8  64   2  416 |  65.25   77  12  8 0 0  0  0 |  5.939e+13  2.430e+15  2.430e+15  1.355e+17     0        - -
 198  1  6.329e+16 7.289e+13  447  456 CRUISE 3 184   8  64   2  416 |  74.00   77   3  8 0 1  0  0 |  1.978e+15  4.655e+16  4.655e+16  1.503e+17     0        - surge
 199  1  1.739e+15 1.396e+15  405  457 CRUISE 3 184   8  64   2  416 |  71.00   77   6  8 0 0  0  0 |  5.435e+13  2.424e+15  2.424e+15  1.496e+17     0        - dip
 200  1  7.156e+15 7.272e+13  421  457 CRUISE 3 184   8  64   2  416 |  72.00   76   4  8 0 0  0  0 |  2.236e+14  6.312e+15  6.312e+15  1.502e+17     0        - -
 201  1  1.587e+15 1.893e+14  404  457 CRUISE 3 184   8  64   2  416 |  69.00   76   7  8 0 0  0  0 |  4.960e+13  2.314e+15  2.314e+15  1.494e+17     0        - dip
 202  1  4.758e+15 6.942e+13  417  457 CRUISE 3 184   8  64   2  416 |  69.50   76   7  8 0 0  0  0 |  1.487e+14  4.587e+15  4.587e+15  1.494e+17     0        - -
 203  1  3.224e+16 1.376e+14  439  457 CRUISE 3 184   8  64   2  416 |  75.25   76   1  8 0 1  0  0 |  1.008e+15  2.434e+16  2.434e+16  1.563e+17     0        - surge
 204  1  1.518e+16 7.303e+14  430  457   BANK 3 124   4 128   2  416 |  77.25   77   0  8 0 2  0  0 |  2.371e+14  8.572e+15  8.572e+15  1.627e+17     0        - surge
 205  1  1.796e+16 2.572e+14  432  458   BANK 3 120   4 132   2  416 |  79.25   79   0  8 0 3  0  0 |  2.806e+14  9.689e+15  9.689e+15  1.707e+17     0        - surge
 206  1  3.050e+15 2.907e+14  411  458   BANK 3 124   4 128   2  416 |  76.25   79   3  8 0 2  0  0 |  4.766e+13  2.811e+15  2.811e+15  1.709e+17     0        - dip
 207  1  8.433e+13 8.433e+13  370  458   BANK 3 124   4 128   2  416 |  73.25   79   6  8 0 1  0  0 |  1.318e+12  1.376e+15  1.376e+15  1.696e+17     0        - dip
 208  1  6.189e+16 4.127e+13  446  458   BANK 3  72   4 180   2  416 |  79.75   79   0  8 0 2  0  0 |  9.670e+14  1.873e+16  1.873e+16  2.118e+17     0        - surge
 209  1  5.619e+14 5.619e+14  392  460   BANK 3 124   4 128   2  416 |  76.75   79   3  8 0 1  0  0 |  8.780e+12  1.927e+15  1.927e+15  2.104e+17     0        - dip
 210  1  9.632e+15 5.780e+13  425  460 CRUISE 3 184   8  64   2  416 |  77.25   79   2  8 0 0  0  0 |  3.010e+14  8.566e+15  8.566e+15  2.112e+17     0        - -
 211  1  1.429e+16 2.570e+14  429  460 CRUISE 3 184   8  64   2  416 |  78.50   79   1  8 0 0  0  0 |  4.465e+14  1.192e+16  1.192e+16  2.131e+17     0        - -
 212  1  3.576e+14 3.576e+14  387  460 CRUISE 3 184   8  64   2  416 |  75.50   78   3  8 0 0  0  0 |  1.117e+13  1.922e+15  1.922e+15  2.115e+17     0        - dip
 213  1  1.151e+15 5.765e+13  401  460 CRUISE 3 184   8  64   2  416 |  72.50   78   6  8 0 0  0  0 |  3.598e+13  2.480e+15  2.480e+15  2.101e+17     0        - dip
 214  1  1.357e+15 7.440e+13  402  460 CRUISE 3 184   8  64   2  416 |  69.50   78   9  8 0 0  0  0 |  4.240e+13  2.617e+15  2.617e+15  2.088e+17     0        - dip
 215  1  8.416e+14 7.850e+13  396  460 CRUISE 3 184   8  64   2  416 |  66.50   78  12  8 0 0  0  0 |  2.630e+13  2.236e+15  2.236e+15  2.074e+17     0        - dip
 216  1  6.709e+13 6.709e+13  368  460 CRUISE 3 184   8  64   2  416 |  63.50   77  14  8 0 0  0  0 |  2.097e+12  1.669e+15  1.669e+15  2.058e+17     0        - dip
 217  1  5.006e+13 5.006e+13  364  460 DEFEND 3 256   0   0  34  416 |  60.50   77  17  8 0 0  0  3 |          0  2.738e+16  2.738e+16  1.785e+17     0        - dip,release
 218  1  3.879e+16 8.215e+14  441  458   REST 3 184   8  64   2  416 |  69.00   77   8  8 0 1  5  0 |  1.212e+15  2.927e+16  2.927e+16  1.868e+17     0        - surge,cooldown
 219  1  7.526e+15 8.782e+14  422  459   REST 3 184   8  64   2  416 |  70.75   77   7  8 0 0  4  0 |  2.352e+14  6.868e+15  6.868e+15  1.872e+17     0        - cooldown
 220  1  3.781e+15 2.060e+14  414  459   REST 3 184   8  64   2  416 |  70.00   76   6  8 0 0  3  0 |  1.182e+14  4.180e+15  4.180e+15  1.867e+17     0        - cooldown
 221  1  4.438e+14 1.254e+14  389  459   REST 3 184   8  64   2  416 |  67.00   76   9  8 0 0  2  0 |  1.387e+13  1.777e+15  1.777e+15  1.853e+17     0        - dip,cooldown
 222  1  5.576e+15 5.332e+13  418  459   REST 3 184   8  64   2  416 |  68.25   76   8  8 0 0  1  0 |  1.742e+14  5.455e+15  5.455e+15  1.853e+17     0        - cooldown
 223  1  4.202e+15 1.637e+14  415  459   REST 3 184   8  64   2  416 |  68.25   76   8  8 0 0  0  0 |  1.313e+14  4.468e+15  4.468e+15  1.849e+17     0        - cooldown
 224  1  4.773e+15 1.340e+14  417  459 CRUISE 3 184   8  64   2  416 |  68.75   75   7  8 0 0  0  0 |  1.492e+14  4.875e+15  4.875e+15  1.846e+17     0        - -
 225  1  4.650e+15 1.463e+14  417  459 CRUISE 3 184   8  64   2  416 |  69.25   75   6  8 0 0  0  0 |  1.453e+14  4.784e+15  4.784e+15  1.844e+17     0        - -
 226  1  2.175e+15 1.435e+14  408  459 CRUISE 3 184   8  64   2  416 |  67.25   75   8  8 0 0  0  0 |  6.796e+13  3.003e+15  3.003e+15  1.835e+17     0        - -
 227  1  1.608e+15 9.010e+13  404  459 CRUISE 3 184   8  64   2  416 |  64.75   75  11  8 0 0  0  0 |  5.025e+13  2.589e+15  2.589e+15  1.824e+17     0        - dip
 228  1  1.771e+15 7.767e+13  405  459 CRUISE 3 184   8  64   2  416 |  63.25   74  11  8 0 0  0  0 |  5.535e+13  2.698e+15  2.698e+15  1.814e+17     0        - -
 229  1  1.073e+15 8.095e+13  400  459 CRUISE 3 184   8  64   2  416 |  60.75   74  14  8 0 0  0  0 |  3.352e+13  2.189e+15  2.189e+15  1.803e+17     0        - dip
 230  1  5.280e+15 6.566e+13  418  459 CRUISE 3 184   8  64   2  416 |  63.50   74  11  8 0 0  0  0 |  1.650e+14  5.204e+15  5.204e+15  1.802e+17     0        - -
 231  1  6.270e+15 1.561e+14  420  459 CRUISE 3 184   8  64   2  416 |  66.00   74   8  8 0 0  0  0 |  1.959e+14  5.914e+15  5.914e+15  1.804e+17     0        - -
 232  1  2.778e+16 1.774e+14  437  459 CRUISE 3 184   8  64   2  416 |  72.25   73   1  8 0 1  0  0 |  8.681e+14  2.138e+16  2.138e+16  1.859e+17     0        - surge
 233  1  5.102e+16 6.413e+14  444  459   BANK 3  60   4 192   2  416 |  78.50   78   0  8 0 2  0  0 |  7.971e+14  1.341e+16  1.341e+16  2.227e+17     0        - surge
 234  1  8.517e+14 4.023e+14  397  461   BANK 3 124   4 128   2  416 |  75.50   78   3  8 0 1  0  0 |  1.331e+13  2.152e+15  2.152e+15  2.214e+17     0        - dip
 235  1  2.718e+15 6.457e+13  410  461 DEFEND 3 256   0   0  32  416 |  72.50   78   6  8 0 0  0  3 |          0  3.039e+16  3.039e+16  1.937e+17     0        - dip,release
 236  1  2.131e+16 9.118e+14  434  459   REST 3 184   8  64   2  416 |  76.25   77   1  8 0 1  5  0 |  6.659e+14  1.683e+16  1.683e+16  1.975e+17     0        - surge,cooldown
 237  1  4.082e+15 5.049e+14  415  459   REST 3 184   8  64   2  416 |  74.25   77   3  8 0 0  4  0 |  1.276e+14  4.477e+15  4.477e+15  1.970e+17     0        - cooldown
 238  1  1.343e+14 1.343e+14  376  459   REST 3 184   8  64   2  416 |  71.25   77   6  8 0 0  3  0 |  4.197e+12  1.636e+15  1.636e+15  1.955e+17     0        - dip,cooldown
 239  1  3.657e+15 4.907e+13  413  459   REST 3 184   8  64   2  416 |  70.00   77   7  8 0 0  2  0 |  1.143e+14  4.156e+15  4.156e+15  1.949e+17     0        - cooldown
 240  1  2.240e+15 1.247e+14  408  459   REST 3 184   8  64   2  416 |  68.00   76   8  8 0 0  1  0 |  7.000e+13  3.133e+15  3.133e+15  1.939e+17     0        - dip,cooldown
 241  1  4.073e+15 9.398e+13  415  459   REST 3 184   8  64   2  416 |  68.25   76   8  8 0 0  0  0 |  1.273e+14  4.442e+15  4.442e+15  1.934e+17     0        - cooldown
 242  1  1.832e+16 1.333e+14  433  459 CRUISE 3 184   8  64   2  416 |  72.75   76   4  8 0 1  0  0 |  5.725e+14  1.468e+16  1.468e+16  1.965e+17     0        - surge
 243  1  1.025e+16 4.404e+14  426  459 CRUISE 3 184   8  64   2  416 |  74.50   76   2  8 0 0  0  0 |  3.202e+14  8.900e+15  8.900e+15  1.975e+17     0        - -
 244  1  1.686e+15 2.670e+14  404  459 CRUISE 3 184   8  64   2  416 |  71.50   75   4  8 0 0  0  0 |  5.268e+13  2.755e+15  2.755e+15  1.964e+17     0        - dip
 245  1  2.768e+15 8.265e+13  410  459 CRUISE 3 184   8  64   2  416 |  69.50   75   6  8 0 0  0  0 |  8.651e+13  3.524e+15  3.524e+15  1.956e+17     0        - -
 246  1  4.587e+15 1.057e+14  417  459 CRUISE 3 184   8  64   2  416 |  69.75   75   6  8 0 0  0  0 |  1.433e+14  4.825e+15  4.825e+15  1.952e+17     0        - -
 247  1  2.234e+16 1.447e+14  434  459 CRUISE 3 184   8  64   2  416 |  74.25   75   1  8 0 1  0  0 |  6.982e+14  1.758e+16  1.758e+16  1.992e+17     0        - surge
 248  1  2.882e+15 5.275e+14  411  460 CRUISE 3 184   8  64   2  416 |  71.75   74   3  8 0 0  0  0 |  9.008e+13  3.628e+15  3.628e+15  1.984e+17     0        - dip
 249  1  1.420e+15 1.089e+14  403  460 CRUISE 3 184   8  64   2  416 |  68.75   74   6  8 0 0  0  0 |  4.437e+13  2.571e+15  2.571e+15  1.972e+17     0        - dip
 250  1  5.168e+15 7.712e+13  418  459 CRUISE 3 184   8  64   2  416 |  69.50   74   5  8 0 0  0  0 |  1.615e+14  5.255e+15  5.255e+15  1.970e+17     0        - -
 251  1  5.762e+15 1.577e+14  419  459 CRUISE 3 184   8  64   2  416 |  70.25   74   4  8 0 0  0  0 |  1.801e+14  5.680e+15  5.680e+15  1.969e+17     0        - -
 252  1  1.704e+14 1.704e+14  378  459 CRUISE 3 184   8  64   2  416 |  67.25   73   6  8 0 0  0  0 |  5.325e+12  1.660e+15  1.660e+15  1.954e+17     0        - dip
 253  1  1.404e+16 4.981e+13  429  459 CRUISE 3 184   8  64   2  416 |  71.00   73   2  8 0 1  0  0 |  4.386e+14  1.162e+16  1.162e+16  1.974e+17     0        - surge
 254  1  9.152e+14 3.485e+14  398  459 CRUISE 3 184   8  64   2  416 |  68.00   73   5  8 0 0  0  0 |  2.860e+13  2.200e+15  2.200e+15  1.960e+17     0        - dip
 255  1  7.320e+15 6.599e+13  422  459 CRUISE 3 184   8  64   2  416 |  70.00   73   3  8 0 0  0  0 |  2.288e+14  6.793e+15  6.793e+15  1.963e+17     0        - -
 256  1  3.395e+16 2.038e+14  440  459 CRUISE 3 184   8  64   2  416 |  76.00   76   0  8 0 1  0  0 |  1.061e+15  2.594e+16  2.594e+16  2.033e+17     0        - surge
 257  1  1.399e+16 7.781e+14  429  460 CRUISE 3 184   8  64   2  416 |  77.75   77   0  8 0 0  0  0 |  4.371e+14  1.164e+16  1.164e+16  2.052e+17     0        - -
 258  1  1.982e+16 3.493e+14  433  460 CRUISE 3 184   8  64   2  416 |  80.00   80   0  8 0 1  0  0 |  6.192e+14  1.585e+16  1.585e+16  2.086e+17     0        - surge
 259  1  4.754e+14 4.754e+14  390  460 CRUISE 3 184   8  64   2  416 |  77.00   80   3  8 0 0  0  0 |  1.485e+13  1.971e+15  1.971e+15  2.070e+17     0        - dip
 260  1  5.913e+13 5.913e+13  366  460 CRUISE 3 184   8  64   2  416 |  74.00   79   5  8 0 0  0  0 |  1.848e+12  1.660e+15  1.660e+15  2.054e+17     0        - dip
 261  1  1.114e+16 4.980e+13  426  460 CRUISE 3 184   8  64   2  416 |  75.50   79   4  8 0 0  0  0 |  3.481e+14  9.612e+15  9.612e+15  2.066e+17     0        - -
 262  1  4.659e+14 2.884e+14  390  460 CRUISE 3 184   8  64   2  416 |  72.50   79   7  8 0 0  0  0 |  1.456e+13  1.949e+15  1.949e+15  2.051e+17     0        - dip
 263  1  5.847e+13 5.847e+13  366  460 CRUISE 3 184   8  64   2  416 |  69.50   79  10  8 0 0  0  0 |  1.827e+12  1.645e+15  1.645e+15  2.035e+17     0        - dip
 264  1  1.198e+16 4.934e+13  427  460 CRUISE 3 184   8  64   2  416 |  72.25   78   6  8 0 0  0  0 |  3.743e+14  1.020e+16  1.020e+16  2.049e+17     0        - -
 265  1  3.060e+14 3.060e+14  385  460 CRUISE 3 184   8  64   2  416 |  69.25   78   9  8 0 0  0  0 |  9.561e+12  1.821e+15  1.821e+15  2.034e+17     0        - dip
 266  1  5.463e+13 5.463e+13  365  460 CRUISE 3 184   8  64   2  416 |  66.25   78  12  8 0 0  0  0 |  1.707e+12  1.628e+15  1.628e+15  2.018e+17     0        - dip
 267  1  1.580e+15 4.885e+13  404  460 CRUISE 3 184   8  64   2  416 |  64.00   78  14  8 0 0  0  0 |  4.938e+13  2.713e+15  2.713e+15  2.007e+17     0        - dip
 268  1  8.138e+13 8.138e+13  370  460 DEFEND 3 256   0   0  32  416 |  61.00   77  16  8 0 0  0  3 |          0  2.516e+16  2.516e+16  1.756e+17     0        - dip,release
 269  1  4.835e+15 7.549e+14  417  458 DEFEND 3 256   0   0  32  416 |  63.50   77  14  8 0 0  0  2 |          0  2.678e+16  2.678e+16  1.536e+17     0        - release
 270  1  1.442e+16 8.034e+14  429  457 DEFEND 3 256   0   0  32  416 |  68.25   77   9  8 0 0  0  1 |          0  3.363e+16  3.363e+16  1.344e+17     0        - release
 271  1  8.414e+15 1.009e+15  423  455 DEFEND 3 256   0   0  32  416 |  70.25   77   7  8 0 0  0  0 |          0  2.522e+16  2.522e+16  1.176e+17     0        - release
 272  1  8.810e+15 7.565e+14  424  454   REST 3 184   8  64   2  416 |  72.00   76   4  8 0 0  5  0 |  2.753e+14  7.251e+15  7.251e+15  1.189e+17     0        - cooldown
 273  1  5.235e+15 2.175e+14  418  454   REST 3 184   8  64   2  416 |  72.00   76   4  8 0 0  4  0 |  1.636e+14  4.692e+15  4.692e+15  1.193e+17     0        - cooldown
 274  1  1.408e+14 1.408e+14  377  454   REST 3 184   8  64   2  416 |  69.00   76   7  8 0 0  3  0 |  4.399e+12  1.033e+15  1.033e+15  1.184e+17     0        - dip,cooldown
 275  1  5.831e+14 3.099e+13  393  454   REST 3 184   8  64   2  416 |  66.00   76  10  8 0 0  2  0 |  1.822e+13  1.344e+15  1.344e+15  1.176e+17     0        - dip,cooldown
 276  1  4.032e+13 4.032e+13  362  454   REST 3 184   8  64   2  416 |  63.00   75  12  8 0 0  1  0 |  1.260e+12  9.478e+14  9.478e+14  1.167e+17     0        - dip,cooldown
 277  1  1.201e+15 2.843e+13  401  453   REST 3 184   8  64   2  416 |  61.00   75  14  8 0 0  0  0 |  3.752e+13  1.775e+15  1.775e+15  1.161e+17     0        - dip,cooldown
 278  1  1.109e+16 5.324e+13  426  453 CRUISE 3 184   8  64   2  416 |  65.75   75  10  8 0 0  0  0 |  3.466e+14  8.879e+15  8.879e+15  1.180e+17     0        - -
 279  1  2.128e+15 2.664e+14  408  454 CRUISE 3 184   8  64   2  416 |  64.75   75  11  8 0 0  0  0 |  6.651e+13  2.451e+15  2.451e+15  1.176e+17     0        - -
 280  1  5.463e+15 7.354e+13  418  454 CRUISE 3 184   8  64   2  416 |  66.50   74   8  8 0 0  0  0 |  1.707e+14  4.845e+15  4.845e+15  1.180e+17     0        - -
 281  1  1.453e+14 1.453e+14  377  454 CRUISE 3 184   8  64   2  416 |  63.50   74  11  8 0 0  0  0 |  4.542e+12  1.026e+15  1.026e+15  1.171e+17     0        - dip
 282  1  1.393e+16 3.079e+13  429  454 CRUISE 3 184   8  64   2  416 |  68.25   74   6  8 0 1  0  0 |  4.354e+14  1.093e+16  1.093e+16  1.197e+17     0        - surge
 283  1  9.995e+14 3.279e+14  399  454 CRUISE 3 184   8  64   2  416 |  65.25   74   9  8 0 0  0  0 |  3.124e+13  1.654e+15  1.654e+15  1.190e+17     0        - dip
 284  1  9.387e+15 4.961e+13  425  454 CRUISE 3 184   8  64   2  416 |  68.50   73   5  8 0 0  0  0 |  2.933e+14  7.677e+15  7.677e+15  1.204e+17     0        - -
 285  1  7.099e+15 2.303e+14  421  454 CRUISE 3 184   8  64   2  416 |  70.00   73   3  8 0 0  0  0 |  2.218e+14  6.043e+15  6.043e+15  1.213e+17     0        - -
 286  1  4.519e+15 1.813e+14  417  454 CRUISE 3 184   8  64   2  416 |  70.25   73   3  8 0 0  0  0 |  1.412e+14  4.195e+15  4.195e+15  1.214e+17     0        - -
 287  1  1.259e+14 1.259e+14  375  454 CRUISE 3 184   8  64   2  416 |  67.25   73   6  8 0 0  0  0 |  3.933e+12  1.039e+15  1.039e+15  1.205e+17     0        - dip
 288  1  1.933e+16 3.118e+13  433  454 CRUISE 3 184   8  64   2  416 |  72.00   72   0  8 0 1  0  0 |  6.040e+14  1.483e+16  1.483e+16  1.244e+17     0        - surge
 289  1  3.954e+15 4.450e+14  415  454 CRUISE 3 184   8  64   2  416 |  71.25   72   1  8 0 0  0  0 |  1.236e+14  3.814e+15  3.814e+15  1.244e+17     0        - -
 290  1  7.122e+15 1.144e+14  421  454 CRUISE 3 184   8  64   2  416 |  72.00   72   0  8 0 0  0  0 |  2.226e+14  6.091e+15  6.091e+15  1.252e+17     0        - -
 291  1  5.515e+15 1.827e+14  418  454 CRUISE 3 184   8  64   2  416 |  72.00   72   0  8 0 0  0  0 |  1.723e+14  4.942e+15  4.942e+15  1.256e+17     0        - -
 292  1  9.371e+15 1.483e+14  425  454 CRUISE 3 184   8  64   2  416 |  73.75   73   0  8 0 0  0  0 |  2.928e+14  7.717e+15  7.717e+15  1.270e+17     0        - -
 293  1  2.315e+14 2.315e+14  382  455 CRUISE 3 184   8  64   2  416 |  70.75   73   3  8 0 0  0  0 |  7.235e+12  1.159e+15  1.159e+15  1.261e+17     0        - dip
 294  1  1.312e+16 3.476e+13  428  454 CRUISE 3 184   8  64   2  416 |  73.50   73   0  8 0 1  0  0 |  4.099e+14  1.041e+16  1.041e+16  1.284e+17     0        - surge
 295  1  2.849e+15 3.124e+14  411  455 CRUISE 3 184   8  64   2  416 |  71.25   73   2  8 0 0  0  0 |  8.903e+13  3.050e+15  3.050e+15  1.281e+17     0        - dip
 296  1  4.589e+16 9.151e+13  443  455 CRUISE 3 184   8  64   2  416 |  77.50   77   0  8 0 1  0  0 |  1.434e+15  3.398e+16  3.398e+16  1.385e+17     0        - surge
 297  1  2.101e+16 1.020e+15  434  456   BANK 3 112   4 140   2  416 |  80.00   80   0  8 0 2  0  0 |  3.282e+14  1.027e+16  1.027e+16  1.489e+17     0        - surge
 298  1  8.239e+15 3.082e+14  423  457   BANK 3 124   4 128   2  416 |  79.25   80   1  8 0 1  0  0 |  1.287e+14  5.154e+15  5.154e+15  1.519e+17     0        - -
 299  1  9.658e+15 1.546e+14  425  457 CRUISE 3 184   8  64   2  416 |  79.00   80   1  8 0 0  0  0 |  3.018e+14  8.129e+15  8.129e+15  1.531e+17     0        - -
 300  1  1.125e+15 2.439e+14  400  457 CRUISE 3 184   8  64   2  416 |  76.00   79   3  8 0 0  0  0 |  3.514e+13  2.005e+15  2.005e+15  1.522e+17     0        - dip
 301  1  1.803e+16 6.014e+13  433  457 CRUISE 3 184   8  64   2  416 |  78.75   79   1  8 0 1  0  0 |  5.634e+14  1.415e+16  1.415e+16  1.555e+17     0        - surge
 302  1  1.583e+16 4.244e+14  431  457 CRUISE 3 184   8  64   2  416 |  80.25   80   0  8 0 0  0  0 |  4.948e+14  1.260e+16  1.260e+16  1.583e+17     0        - -
 303  1  1.214e+15 3.779e+14  401  457 CRUISE 3 184   8  64   2  416 |  77.25   80   3  8 0 0  0  0 |  3.793e+13  2.109e+15  2.109e+15  1.573e+17     0        - dip
 304  1  4.170e+15 6.327e+13  415  457 CRUISE 3 184   8  64   2  416 |  75.00   79   4  8 0 0  0  0 |  1.303e+14  4.227e+15  4.227e+15  1.572e+17     0        - dip
 305  1  1.197e+16 1.268e+14  427  457 CRUISE 3 184   8  64   2  416 |  76.50   79   3  8 0 0  0  0 |  3.740e+14  9.831e+15  9.831e+15  1.589e+17     0        - -
 306  1  1.062e+16 2.949e+14  426  457 CRUISE 3 184   8  64   2  416 |  77.25   79   2  8 0 0  0  0 |  3.320e+14  8.877e+15  8.877e+15  1.603e+17     0        - -
 307  1  5.621e+15 2.663e+14  418  457 CRUISE 3 184   8  64   2  416 |  75.75   79   4  8 0 0  0  0 |  1.756e+14  5.292e+15  5.292e+15  1.605e+17     0        - -
 308  1  2.429e+15 1.588e+14  409  457 CRUISE 3 184   8  64   2  416 |  72.75   78   6  8 0 0  0  0 |  7.589e+13  2.999e+15  2.999e+15  1.598e+17     0        - dip
 309  1  1.482e+15 8.998e+13  403  457 CRUISE 3 184   8  64   2  416 |  69.75   78   9  8 0 0  0  0 |  4.631e+13  2.314e+15  2.314e+15  1.590e+17     0        - dip
 310  1  1.428e+17 6.942e+13  456  457   BANK 3  60   4 192   2  416 |  79.75   79   0  8 0 2  0  0 |  2.231e+15  3.470e+16  3.470e+16  2.648e+17     0        - surge
 311  1  2.507e+15 1.041e+15  409  463   BANK 3 124   4 128   2  416 |  76.75   79   3  8 0 1  0  0 |  3.917e+13  3.283e+15  3.283e+15  2.640e+17     0        - dip
 312  1  1.608e+15 9.849e+13  404  463 DEFEND 3 256   0   0  32  416 |  73.75   78   5  8 0 0  0  3 |          0  3.461e+16  3.461e+16  2.310e+17     0        - dip,release
 313  1  2.041e+16 1.038e+15  434  461   REST 3 184   8  64   2  416 |  77.25   78   1  8 0 1  5  0 |  6.379e+14  1.648e+16  1.648e+16  2.343e+17     0        - surge,cooldown
 314  1  1.068e+15 4.943e+14  400  462   REST 3 184   8  64   2  416 |  74.25   78   4  8 0 0  4  0 |  3.339e+13  2.598e+15  2.598e+15  2.327e+17     0        - dip,cooldown
 315  1  8.961e+14 7.795e+13  397  461   REST 3 184   8  64   2  416 |  71.25   78   7  8 0 0  3  0 |  2.800e+13  2.462e+15  2.462e+15  2.311e+17     0        - dip,cooldown
 316  1  2.613e+16 7.387e+13  436  461   REST 3 184   8  64   2  416 |  75.75   77   2  8 0 1  2  0 |  8.165e+14  2.058e+16  2.058e+16  2.359e+17     0        - surge,cooldown
 317  1  6.743e+15 6.175e+14  420  462   REST 3 184   8  64   2  416 |  75.25   77   2  8 0 0  1  0 |  2.107e+14  6.689e+15  6.689e+15  2.357e+17     0        - cooldown
 318  1  8.407e+15 2.007e+14  423  462   REST 3 184   8  64   2  416 |  75.50   77   2  8 0 0  0  0 |  2.627e+14  7.884e+15  7.884e+15  2.360e+17     0        - cooldown
 319  1  3.121e+16 2.365e+14  438  462 CRUISE 3 184   8  64   2  416 |  79.50   79   0  8 0 1  0  0 |  9.754e+14  2.428e+16  2.428e+16  2.419e+17     0        - surge
 320  1  8.102e+15 7.283e+14  423  462 CRUISE 3 184   8  64   2  416 |  78.75   78   0  8 0 0  0  0 |  2.532e+14  7.714e+15  7.714e+15  2.421e+17     0        - -
 321  1  3.534e+15 2.314e+14  413  462 CRUISE 3 184   8  64   2  416 |  75.75   78   3  8 0 0  0  0 |  1.104e+14  4.431e+15  4.431e+15  2.410e+17     0        - dip
 322  1  1.329e+14 1.329e+14  376  462 CRUISE 3 184   8  64   2  416 |  72.75   78   6  8 0 0  0  0 |  4.154e+12  1.979e+15  1.979e+15  2.392e+17     0        - dip
 323  1  5.487e+15 5.936e+13  418  462 CRUISE 3 184   8  64   2  416 |  72.50   78   6  8 0 0  0  0 |  1.715e+14  5.812e+15  5.812e+15  2.387e+17     0        - -
 324  1  3.105e+15 1.744e+14  412  462 CRUISE 3 184   8  64   2  416 |  70.75   77   7  8 0 0  0  0 |  9.703e+13  4.096e+15  4.096e+15  2.376e+17     0        - -
 325  1  5.244e+15 1.229e+14  418  462 CRUISE 3 184   8  64   2  416 |  71.00   77   6  8 0 0  0  0 |  1.639e+14  5.625e+15  5.625e+15  2.371e+17     0        - -
 326  1  8.942e+16 1.688e+14  450  462 CRUISE 3 184   8  64   2  416 |  79.25   79   0  8 0 1  0  0 |  2.794e+15  6.612e+16  6.612e+16  2.576e+17     0        - surge
 327  1  8.829e+15 1.984e+15  424  463 CRUISE 3 184   8  64   2  416 |  78.75   79   1  8 0 0  0  0 |  2.759e+14  8.358e+15  8.358e+15  2.578e+17     0        - -
 328  1  7.565e+15 2.507e+14  422  463 CRUISE 3 184   8  64   2  416 |  78.00   78   0  8 0 0  0  0 |  2.364e+14  7.451e+15  7.451e+15  2.576e+17     0        - -
 329  1  1.966e+16 2.235e+14  433  463 CRUISE 3 184   8  64   2  416 |  80.25   80   0  8 0 1  0  0 |  6.144e+14  1.615e+16  1.615e+16  2.605e+17     0        - surge
 330  1  1.029e+16 4.844e+14  426  463 CRUISE 3 184   8  64   2  416 |  80.00   80   0  8 0 0  0  0 |  3.216e+14  9.432e+15  9.432e+15  2.611e+17     0        - -
 331  1  1.859e+16 2.829e+14  433  463 CRUISE 3 184   8  64   2  416 |  81.75   81   0  8 0 0  0  0 |  5.810e+14  1.540e+16  1.540e+16  2.637e+17     0        - -
 332  1  5.405e+16 4.621e+14  445  463 CRUISE 3 184   8  64   2  416 |  86.00   86   0  8 0 1  0  0 |  1.689e+15  4.091e+16  4.091e+16  2.751e+17     0        - surge
 333  1  1.991e+15 1.227e+15  407  464 CRUISE 3 184   8  64   2  416 |  83.00   86   3  8 0 0  0  0 |  6.221e+13  3.580e+15  3.580e+15  2.735e+17     0        - dip
 334  1  1.513e+15 1.074e+14  403  464 CRUISE 3 184   8  64   2  416 |  80.00   86   6  8 0 0  0  0 |  4.727e+13  3.224e+15  3.224e+15  2.717e+17     0        - dip
 335  1  1.692e+16 9.672e+13  432  464 CRUISE 3 184   8  64   2  416 |  81.50   86   5  8 0 0  0  0 |  5.287e+14  1.428e+16  1.428e+16  2.738e+17     0        - -
 336  1  4.285e+14 4.285e+14  389  464 CRUISE 3 184   8  64   2  416 |  78.50   85   7  8 0 0  0  0 |  1.339e+13  2.447e+15  2.447e+15  2.718e+17     0        - dip
 337  1  7.556e+14 7.342e+13  395  464 CRUISE 3 184   8  64   2  416 |  75.50   85  10  8 0 0  0  0 |  2.361e+13  2.667e+15  2.667e+15  2.699e+17     0        - dip
 338  1  7.132e+15 8.000e+13  421  463 CRUISE 3 184   8  64   2  416 |  75.25   85  10  8 0 0  0  0 |  2.229e+14  7.235e+15  7.235e+15  2.695e+17     0        - -
 339  1  2.170e+14 2.170e+14  381  463 CRUISE 3 184   8  64   2  416 |  72.25   85  13  8 0 0  0  0 |  6.783e+12  2.262e+15  2.262e+15  2.675e+17     0        - dip
 340  1  2.533e+16 6.785e+13  436  463 CRUISE 3 184   8  64   2  416 |  76.50   84   8  8 0 0  0  0 |  7.914e+14  2.029e+16  2.029e+16  2.717e+17     0        - -
 341  1  6.432e+15 6.088e+14  420  464 CRUISE 3 184   8  64   2  416 |  75.75   84   9  8 0 0  0  0 |  2.010e+14  6.746e+15  6.746e+15  2.712e+17     0        - -
 342  1  4.843e+16 2.024e+14  443  464 CRUISE 3 184   8  64   2  416 |  81.00   84   3  8 0 1  0  0 |  1.513e+15  3.693e+16  3.693e+16  2.812e+17     0        - surge
 343  1  4.364e+15 1.108e+15  416  464 CRUISE 3 184   8  64   2  416 |  78.25   84   6  8 0 0  0  0 |  1.364e+14  5.333e+15  5.333e+15  2.801e+17     0        - dip
 344  1  1.600e+14 1.600e+14  378  464 CRUISE 3 184   8  64   2  416 |  75.25   83   8  8 0 0  0  0 |  5.000e+12  2.303e+15  2.303e+15  2.780e+17     0        - dip
 345  1  1.529e+15 6.910e+13  403  464 CRUISE 3 184   8  64   2  416 |  72.25   83  11  8 0 0  0  0 |  4.779e+13  3.271e+15  3.271e+15  2.762e+17     0        - dip
 346  1  3.694e+15 9.812e+13  414  464 CRUISE 3 184   8  64   2  416 |  71.00   83  12  8 0 0  0  0 |  1.154e+14  4.812e+15  4.812e+15  2.749e+17     0        - -
 347  1  3.591e+16 1.444e+14  440  464 CRUISE 3 184   8  64   2  416 |  76.75   83   7  8 0 1  0  0 |  1.122e+15  2.796e+16  2.796e+16  2.818e+17     0        - surge
 348  1  2.619e+16 8.388e+14  436  464 CRUISE 3 184   8  64   2  416 |  80.00   82   2  8 0 0  0  0 |  8.186e+14  2.103e+16  2.103e+16  2.861e+17     0        - -
 349  1  6.460e+15 6.308e+14  420  464 CRUISE 3 184   8  64   2  416 |  78.50   82   4  8 0 0  0  0 |  2.019e+14  6.878e+15  6.878e+15  2.855e+17     0        - -
 350  1  1.373e+15 2.063e+14  402  464 CRUISE 3 184   8  64   2  416 |  75.50   82   7  8 0 0  0  0 |  4.291e+13  3.217e+15  3.217e+15  2.836e+17     0        - dip
 351  1  1.551e+15 9.652e+13  404  464 CRUISE 3 184   8  64   2  416 |  72.50   82  10  8 0 0  0  0 |  4.845e+13  3.330e+15  3.330e+15  2.818e+17     0        - dip
 352  1  2.650e+16 9.990e+13  436  464 CRUISE 3 184   8  64   2  416 |  76.75   81   5  8 0 1  0  0 |  8.281e+14  2.125e+16  2.125e+16  2.862e+17     0        - surge
 353  1  6.423e+15 6.374e+14  420  464 CRUISE 3 184   8  64   2  416 |  76.00   81   5  8 0 0  0  0 |  2.007e+14  6.853e+15  6.853e+15  2.856e+17     0        - -
 354  1  3.363e+15 2.056e+14  412  464 CRUISE 3 184   8  64   2  416 |  73.50   81   8  8 0 0  0  0 |  1.051e+14  4.648e+15  4.648e+15  2.842e+17     0        - dip
 355  1  2.551e+16 1.394e+14  436  464 CRUISE 3 184   8  64   2  416 |  77.50   81   4  8 0 1  0  0 |  7.972e+14  2.056e+16  2.056e+16  2.883e+17     0        - surge
 356  1  3.119e+16 6.167e+14  438  465   BANK 3 112   4 140   2  416 |  81.00   81   0  8 0 2  0  0 |  4.874e+14  1.590e+16  1.590e+16  3.031e+17     0        - surge
 357  1  3.476e+15 4.770e+14  413  465   BANK 3 124   4 128   2  416 |  78.00   81   3  8 0 1  0  0 |  5.432e+13  4.052e+15  4.052e+15  3.025e+17     0        - dip
 358  1  1.591e+17 1.216e+14  457  465   BANK 3  60   4 192   2  416 |  86.25   86   0  8 0 2  0  0 |  2.485e+15  3.964e+16  3.964e+16  4.194e+17     0        - surge
 359  1  9.767e+15 1.189e+15  425  468   BANK 3 124   4 128   2  416 |  84.25   86   2  8 0 1  0  0 |  1.526e+14  8.008e+15  8.008e+15  4.210e+17     0        - -
 360  1  2.402e+14 2.402e+14  382  468 DEFEND 3 256   0   0  32  416 |  81.25   85   4  8 0 0  0  3 |          0  5.287e+16  5.287e+16  3.684e+17     0        - dip,release
 361  1  3.916e+15 1.586e+15  414  467 DEFEND 3 256   0   0  32  416 |  78.25   85   7  8 0 0  0  2 |          0  4.997e+16  4.997e+16  3.224e+17     0        - dip,release
 362  1  1.498e+16 1.499e+15  430  465 DEFEND 3 256   0   0  32  416 |  79.50   85   6  8 0 0  0  1 |          0  5.528e+16  5.528e+16  2.821e+17     0        - release
 363  1  6.093e+15 1.658e+15  419  464 DEFEND 3 256   0   0  32  416 |  77.75   85   8  8 0 0  0  0 |          0  4.135e+16  4.135e+16  2.468e+17     0        - release
 364  1  3.231e+15 1.241e+15  412  462   REST 3 184   8  64   2  416 |  74.75   84  10  8 0 0  5  0 |  1.010e+14  4.250e+15  4.250e+15  2.457e+17     0        - dip,cooldown
 365  1  4.082e+15 1.275e+14  415  462   REST 3 184   8  64   2  416 |  73.25   84  11  8 0 0  4  0 |  1.276e+14  4.853e+15  4.853e+15  2.448e+17     0        - cooldown
 366  1  1.596e+15 1.456e+14  404  462   REST 3 184   8  64   2  416 |  70.25   84  14  8 0 0  3  0 |  4.989e+13  3.060e+15  3.060e+15  2.433e+17     0        - dip,cooldown
 367  1  9.180e+13 9.180e+13  371  462   REST 3 184   8  64   2  416 |  67.25   84  17  8 0 0  2  0 |  2.869e+12  1.967e+15  1.967e+15  2.414e+17     0        - dip,cooldown
 368  1  1.541e+16 5.900e+13  430  462   REST 3 184   8  64   2  416 |  71.25   83  12  8 0 0  1  0 |  4.816e+14  1.296e+16  1.296e+16  2.434e+17     0        - cooldown
 369  1  3.594e+15 3.889e+14  413  462   REST 3 184   8  64   2  416 |  70.00   83  13  8 0 0  0  0 |  1.123e+14  4.485e+15  4.485e+15  2.424e+17     0        - cooldown
 370  1  1.077e+16 1.345e+14  426  462 CRUISE 3 184   8  64   2  416 |  72.50   83  11  8 0 0  0  0 |  3.366e+14  9.635e+15  9.635e+15  2.432e+17     0        - -
 371  1  7.352e+15 2.890e+14  422  462 CRUISE 3 184   8  64   2  416 |  73.25   83  10  8 0 0  0  0 |  2.298e+14  7.184e+15  7.184e+15  2.431e+17     0        - -
 372  1  3.123e+15 2.155e+14  412  462 CRUISE 3 184   8  64   2  416 |  71.25   82  11  8 0 0  0  0 |  9.758e+13  4.144e+15  4.144e+15  2.420e+17     0        - -
 373  1  2.483e+15 1.243e+14  409  462 CRUISE 3 184   8  64   2  416 |  69.00   82  13  8 0 0  0  0 |  7.758e+13  3.675e+15  3.675e+15  2.407e+17     0        - dip
 374  1  3.938e+15 1.102e+14  414  462 CRUISE 3 184   8  64   2  416 |  68.75   82  14  8 0 0  0  0 |  1.231e+14  4.711e+15  4.711e+15  2.398e+17     0        - -
 375  1  1.076e+15 1.413e+14  400  462 DEFEND 3 256   0   0  34  416 |  65.75   82  17  8 0 0  0  3 |          0  3.293e+16  3.293e+16  2.080e+17     0        - dip,release
 376  1  9.878e+14 9.878e+14  399  460 DEFEND 3 256   0   0  38  416 |  62.75   81  19  8 0 0  0  2 |          0  3.186e+16  3.186e+16  1.771e+17     0        - dip,release
 377  1  7.841e+15 9.557e+14  422  458 DEFEND 3 256   0   0  32  416 |  66.00   81  15  8 0 0  0  1 |          0  2.998e+16  2.998e+16  1.550e+17     0        - release
 378  1  3.015e+15 8.994e+14  411  457 DEFEND 3 256   0   0  32  416 |  65.75   81  16  8 0 0  0  0 |          0  2.239e+16  2.239e+16  1.356e+17     0        - release
 379  1  6.716e+14 6.716e+14  394  456   REST 3 184   8  64   2  416 |  62.75   81  19  8 0 0  5  0 |  2.099e+13  1.542e+15  1.542e+15  1.347e+17     0        - dip,cooldown
 380  1  4.626e+13 4.626e+13  363  455   REST 3 184   8  64   2  416 |  59.75   80  21  8 0 0  4  0 |  1.446e+12  1.086e+15  1.086e+15  1.337e+17     0        - dip,cooldown
 381  1  5.765e+16 3.257e+13  445  455   REST 3 184   8  64   2  416 |  69.50   80  11  8 0 1  3  0 |  1.802e+15  4.248e+16  4.248e+16  1.470e+17     0        - surge,cooldown
 382  1  2.802e+15 1.274e+15  410  457   REST 3 184   8  64   2  416 |  68.00   80  12  8 0 0  2  0 |  8.757e+13  3.163e+15  3.163e+15  1.466e+17     0        - cooldown
 383  1  2.860e+15 9.488e+13  411  457   REST 3 184   8  64   2  416 |  67.25   80  13  8 0 0  1  0 |  8.939e+13  3.201e+15  3.201e+15  1.461e+17     0        - cooldown
 384  1  9.603e+13 9.603e+13  371  457   REST 3 184   8  64   2  416 |  64.25   79  15  8 0 0  0  0 |  3.001e+12  1.211e+15  1.211e+15  1.450e+17     0        - dip,cooldown
 385  1  3.632e+13 3.632e+13  361  457 DEFEND 3 256   0   0  36  416 |  61.25   79  18  8 0 0  0  3 |          0  2.043e+16  2.043e+16  1.246e+17     0        - dip,release
 386  1  1.004e+16 6.129e+14  425  454 DEFEND 3 256   0   0  32  416 |  65.50   79  14  8 0 0  0  2 |          0  2.562e+16  2.562e+16  1.091e+17     0        - release
 387  1  5.412e+15 7.685e+14  418  453 DEFEND 3 256   0   0  32  416 |  67.00   79  12  8 0 0  0  1 |          0  1.904e+16  1.904e+16  9.542e+16     0        - release
 388  1  2.511e+16 5.713e+14  436  451   REST 3 184   8  64   2  416 |  72.75   78   6  8 0 1  5  0 |  7.845e+14  1.879e+16  1.879e+16  1.010e+17     0        - surge,cooldown
 389  1  4.702e+15 5.637e+14  417  452   REST 3 184   8  64   2  416 |  72.25   78   6  8 0 0  4  0 |  1.469e+14  4.168e+15  4.168e+15  1.013e+17     0        - cooldown
 390  1  6.501e+16 1.250e+14  447  452   REST 3 184   8  64   2  416 |  79.25   79   0  8 0 1  3  0 |  2.032e+15  4.752e+16  4.752e+16  1.168e+17     0        - surge,cooldown
 391  1  4.386e+15 1.426e+15  416  453   REST 3 184   8  64   2  416 |  76.75   79   3  8 0 0  2  0 |  1.371e+14  4.065e+15  4.065e+15  1.170e+17     0        - dip,cooldown
 392  1  1.219e+14 1.219e+14  374  453   REST 3 184   8  64   2  416 |  73.75   78   5  8 0 0  1  0 |  3.811e+12  1.002e+15  1.002e+15  1.161e+17     0        - dip,cooldown
 393  1  6.067e+15 3.005e+13  419  453   REST 3 184   8  64   2  416 |  73.50   78   5  8 0 0  0  0 |  1.896e+14  5.268e+15  5.268e+15  1.167e+17     0        - cooldown
 394  1  3.364e+15 1.580e+14  412  453 CRUISE 3 184   8  64   2  416 |  71.50   78   7  8 0 0  0  0 |  1.051e+14  3.330e+15  3.330e+15  1.166e+17     0        - -
 395  1  1.920e+15 9.989e+13  406  453 CRUISE 3 184   8  64   2  416 |  68.50   78  10  8 0 0  0  0 |  6.000e+13  2.291e+15  2.291e+15  1.162e+17     0        - dip
 396  1  4.545e+15 6.874e+13  417  453 CRUISE 3 184   8  64   2  416 |  69.00   77   8  8 0 0  0  0 |  1.420e+14  4.175e+15  4.175e+15  1.164e+17     0        - -
 397  1  7.721e+15 1.252e+14  422  453 CRUISE 3 184   8  64   2  416 |  70.75   77   7  8 0 0  0  0 |  2.413e+14  6.459e+15  6.459e+15  1.175e+17     0        - -
 398  1  3.389e+15 1.938e+14  413  454 CRUISE 3 184   8  64   2  416 |  69.75   77   8  8 0 0  0  0 |  1.059e+14  3.354e+15  3.354e+15  1.174e+17     0        - -
 399  1  8.489e+14 1.006e+14  397  454 CRUISE 3 184   8  64   2  416 |  66.75   77  11  8 0 0  0  0 |  2.653e+13  1.527e+15  1.527e+15  1.167e+17     0        - dip
 400  1  9.059e+14 4.582e+13  397  453 CRUISE 3 184   8  64   2  416 |  63.75   76  13  8 0 0  0  0 |  2.831e+13  1.563e+15  1.563e+15  1.160e+17     0        - dip
 401  1  3.750e+15 4.688e+13  414  453 CRUISE 3 184   8  64   2  416 |  64.75   76  12  8 0 0  0  0 |  1.172e+14  3.601e+15  3.601e+15  1.160e+17     0        - -
 402  1  1.086e+15 1.080e+14  400  453 CRUISE 3 184   8  64   2  416 |  62.00   76  14  8 0 0  0  0 |  3.394e+13  1.687e+15  1.687e+15  1.154e+17     0        - dip
 403  1  2.384e+16 5.061e+13  435  453 CRUISE 3 184   8  64   2  416 |  68.75   76   8  8 0 1  0  0 |  7.449e+14  1.803e+16  1.803e+16  1.205e+17     0        - surge
 404  1  6.224e+16 5.410e+14  446  454   BANK 3  60   4 192   2  416 |  76.50   76   0  8 0 2  0  0 |  9.725e+14  1.553e+16  1.553e+16  1.662e+17     0        - surge
 405  1  3.691e+15 4.659e+14  414  458   BANK 3 124   4 128   2  416 |  74.25   76   2  8 0 1  0  0 |  5.767e+13  3.086e+15  3.086e+15  1.667e+17     0        - dip
 406  1  6.943e+14 9.259e+13  394  458 DEFEND 3 256   0   0  32  416 |  71.25   76   5  8 0 0  0  3 |          0  2.154e+16  2.154e+16  1.459e+17     0        - dip,release
 407  1  4.039e+15 6.461e+14  415  457 DEFEND 3 256   0   0  32  416 |  70.50   76   6  8 0 0  0  2 |          0  2.228e+16  2.228e+16  1.277e+17     0        - release
 408  1  1.292e+16 6.683e+14  428  455 DEFEND 3 256   0   0  32  416 |  73.25   75   2  8 0 0  0  1 |          0  2.888e+16  2.888e+16  1.117e+17     0        - release
 409  1  8.406e+15 8.665e+14  423  453 DEFEND 3 256   0   0  32  416 |  74.00   75   1  8 0 0  0  0 |          0  2.237e+16  2.237e+16  9.774e+16     0        - release
 410  1  7.189e+15 6.711e+14  421  451   REST 3 184   8  64   2  416 |  74.25   75   1  8 0 0  5  0 |  2.246e+14  5.930e+15  5.930e+15  9.877e+16     0        - cooldown
 411  1  3.987e+15 1.779e+14  415  451   REST 3 184   8  64   2  416 |  72.75   75   3  8 0 0  4  0 |  1.246e+14  3.638e+15  3.638e+15  9.900e+16     0        - cooldown
 412  1  1.010e+16 1.091e+14  425  451   REST 3 184   8  64   2  416 |  74.25   74   0  8 0 0  3  0 |  3.155e+14  8.030e+15  8.030e+15  1.007e+17     0        - cooldown
 413  1  9.228e+15 2.409e+14  425  452   REST 3 184   8  64   2  416 |  75.25   75   0  8 0 0  2  0 |  2.884e+14  7.420e+15  7.420e+15  1.023e+17     0        - cooldown
 414  1  5.888e+15 2.226e+14  419  452   REST 3 184   8  64   2  416 |  74.50   75   1  8 0 0  1  0 |  1.840e+14  5.031e+15  5.031e+15  1.029e+17     0        - cooldown
 415  1  6.440e+15 1.509e+14  420  452   REST 3 184   8  64   2  416 |  74.25   75   1  8 0 0  0  0 |  2.012e+14  5.433e+15  5.433e+15  1.037e+17     0        - cooldown
 416  1  3.856e+15 1.630e+14  414  452 CRUISE 3 184   8  64   2  416 |  72.50   74   2  8 0 0  0  0 |  1.205e+14  3.582e+15  3.582e+15  1.039e+17     0        - -
 417  1  5.423e+15 1.075e+14  418  452 CRUISE 3 184   8  64   2  416 |  72.25   74   2  8 0 0  0  0 |  1.695e+14  4.710e+15  4.710e+15  1.044e+17     0        - -
 418  1  8.044e+14 1.413e+14  396  452 CRUISE 3 184   8  64   2  416 |  69.25   74   5  8 0 0  0  0 |  2.514e+13  1.394e+15  1.394e+15  1.038e+17     0        - dip
 419  1  1.658e+16 4.183e+13  431  452 CRUISE 3 184   8  64   2  416 |  73.00   74   1  8 0 1  0  0 |  5.180e+14  1.272e+16  1.272e+16  1.072e+17     0        - surge
 420  1  7.351e+15 3.817e+14  422  452 CRUISE 3 184   8  64   2  416 |  73.75   73   0  8 0 0  0  0 |  2.297e+14  6.120e+15  6.120e+15  1.082e+17     0        - -
 421  1  1.659e+16 1.836e+14  431  453 CRUISE 3 184   8  64   2  416 |  76.50   76   0  8 0 1  0  0 |  5.183e+14  1.277e+16  1.277e+16  1.115e+17     0        - surge
 422  1  2.749e+15 3.830e+14  410  453 CRUISE 3 184   8  64   2  416 |  73.50   76   3  8 0 0  0  0 |  8.591e+13  2.847e+15  2.847e+15  1.113e+17     0        - dip
 423  1  8.540e+13 8.540e+13  370  453 CRUISE 3 184   8  64   2  416 |  70.50   76   6  8 0 0  0  0 |  2.669e+12  9.308e+14  9.308e+14  1.104e+17     0        - dip
 424  1  2.371e+16 2.792e+13  435  453 CRUISE 3 184   8  64   2  416 |  75.00   75   0  8 0 1  0  0 |  7.411e+14  1.791e+16  1.791e+16  1.155e+17     0        - surge
 425  1  9.293e+15 5.372e+14  425  453 CRUISE 3 184   8  64   2  416 |  76.00   76   0  8 0 0  0  0 |  2.904e+14  7.582e+15  7.582e+15  1.169e+17     0        - -
 426  1  5.110e+15 2.275e+14  418  453 CRUISE 3 184   8  64   2  416 |  75.00   76   1  8 0 0  0  0 |  1.597e+14  4.586e+15  4.586e+15  1.173e+17     0        - -
 427  1  6.147e+15 1.376e+14  419  454 CRUISE 3 184   8  64   2  416 |  74.50   76   2  8 0 0  0  0 |  1.921e+14  5.335e+15  5.335e+15  1.179e+17     0        - -
 428  1  4.769e+16 1.600e+14  443  454 CRUISE 3 184   8  64   2  416 |  80.00   80   0  8 0 1  0  0 |  1.490e+15  3.520e+16  3.520e+16  1.289e+17     0        - surge
 429  1  5.521e+15 1.056e+15  418  455 CRUISE 3 184   8  64   2  416 |  78.00   80   2  8 0 0  0  0 |  1.725e+14  4.975e+15  4.975e+15  1.293e+17     0        - dip
 430  1  8.169e+15 1.493e+14  423  455 CRUISE 3 184   8  64   2  416 |  77.75   80   3  8 0 0  0  0 |  2.553e+14  6.882e+15  6.882e+15  1.303e+17     0        - -
 431  1  2.342e+15 2.065e+14  409  455 CRUISE 3 184   8  64   2  416 |  74.75   80   6  8 0 0  0  0 |  7.319e+13  2.701e+15  2.701e+15  1.299e+17     0        - dip
 432  1  6.718e+15 8.104e+13  420  455 CRUISE 3 184   8  64   2  416 |  74.50   79   5  8 0 0  0  0 |  2.099e+14  5.843e+15  5.843e+15  1.305e+17     0        - -
 433  1  8.250e+15 1.753e+14  423  455 CRUISE 3 184   8  64   2  416 |  75.00   79   4  8 0 0  0  0 |  2.578e+14  6.949e+15  6.949e+15  1.316e+17     0        - -
 434  1  5.480e+15 2.085e+14  418  455 CRUISE 3 184   8  64   2  416 |  74.25   79   5  8 0 0  0  0 |  1.713e+14  4.967e+15  4.967e+15  1.319e+17     0        - -
 435  1  1.859e+15 1.490e+14  406  455 CRUISE 3 184   8  64   2  416 |  71.25   79   8  8 0 0  0  0 |  5.808e+13  2.367e+15  2.367e+15  1.314e+17     0        - dip
 436  1  2.078e+15 7.100e+13  407  455 CRUISE 3 184   8  64   2  416 |  68.50   78  10  8 0 0  0  0 |  6.493e+13  2.520e+15  2.520e+15  1.309e+17     0        - dip
 437  1  4.839e+15 7.559e+13  417  455 CRUISE 3 184   8  64   2  416 |  69.00   78   9  8 0 0  0  0 |  1.512e+14  4.501e+15  4.501e+15  1.310e+17     0        - -
 438  1  1.872e+15 1.350e+14  406  455 CRUISE 3 184   8  64   2  416 |  66.75   78  12  8 0 0  0  0 |  5.850e+13  2.369e+15  2.369e+15  1.305e+17     0        - dip
 439  1  5.645e+16 7.108e+13  445  455 CRUISE 3 184   8  64   2  416 |  74.75   78   4  8 0 1  0  0 |  1.764e+15  4.159e+16  4.159e+16  1.436e+17     0        - surge
 440  1  4.016e+15 1.248e+15  415  456 CRUISE 3 184   8  64   2  416 |  73.25   77   4  8 0 0  0  0 |  1.255e+14  4.008e+15  4.008e+15  1.435e+17     0        - -
 441  1  1.202e+14 1.202e+14  374  456 CRUISE 3 184   8  64   2  416 |  70.25   77   7  8 0 0  0  0 |  3.758e+12  1.207e+15  1.207e+15  1.424e+17     0        - dip
 442  1  1.860e+16 3.622e+13  433  456 CRUISE 3 184   8  64   2  416 |  74.25   77   3  8 0 1  0  0 |  5.812e+14  1.448e+16  1.448e+16  1.459e+17     0        - surge
 443  1  1.672e+15 4.344e+14  404  457 CRUISE 3 184   8  64   2  416 |  71.25   77   6  8 0 0  0  0 |  5.224e+13  2.341e+15  2.341e+15  1.452e+17     0        - dip
 444  1  1.187e+16 7.024e+13  427  457 CRUISE 3 184   8  64   2  416 |  73.50   76   3  8 0 0  0  0 |  3.708e+14  9.663e+15  9.663e+15  1.470e+17     0        - -
 445  1  7.879e+14 2.899e+14  396  457 CRUISE 3 184   8  64   2  416 |  70.50   76   6  8 0 0  0  0 |  2.462e+13  1.715e+15  1.715e+15  1.461e+17     0        - dip
 446  1  2.009e+16 5.145e+13  433  457 CRUISE 3 184   8  64   2  416 |  74.50   76   2  8 0 1  0  0 |  6.279e+14  1.558e+16  1.558e+16  1.499e+17     0        - surge
 447  1  3.969e+15 4.675e+14  415  457 CRUISE 3 184   8  64   2  416 |  73.00   76   3  8 0 0  0  0 |  1.240e+14  4.024e+15  4.024e+15  1.498e+17     0        - -
 448  1  1.337e+16 1.207e+14  428  457 CRUISE 3 184   8  64   2  416 |  75.25   75   0  8 0 0  0  0 |  4.179e+14  1.078e+16  1.078e+16  1.519e+17     0        - -
 449  1  3.040e+15 3.234e+14  411  457 CRUISE 3 184   8  64   2  416 |  72.50   75   3  8 0 0  0  0 |  9.499e+13  3.372e+15  3.372e+15  1.515e+17     0        - dip
 450  1  1.974e+16 1.012e+14  433  457 CRUISE 3 184   8  64   2  416 |  76.00   76   0  8 0 1  0  0 |  6.169e+14  1.537e+16  1.537e+16  1.553e+17     0        - surge
 451  1  7.954e+14 4.612e+14  396  457 CRUISE 3 184   8  64   2  416 |  73.00   76   3  8 0 0  0  0 |  2.486e+13  1.785e+15  1.785e+15  1.543e+17     0        - dip
 452  1  2.391e+16 5.354e+13  435  457 CRUISE 3 184   8  64   2  416 |  77.00   77   0  8 0 1  0  0 |  7.472e+14  1.839e+16  1.839e+16  1.590e+17     0        - surge
 453  1  5.951e+15 5.518e+14  419  457 CRUISE 3 184   8  64   2  416 |  76.00   77   1  8 0 0  0  0 |  1.860e+14  5.520e+15  5.520e+15  1.593e+17     0        - -
 454  1  1.580e+15 1.656e+14  404  457 CRUISE 3 184   8  64   2  416 |  73.00   77   4  8 0 0  0  0 |  4.938e+13  2.380e+15  2.380e+15  1.584e+17     0        - dip
 455  1  4.576e+15 7.140e+13  417  457 CRUISE 3 184   8  64   2  416 |  72.50   77   5  8 0 0  0  0 |  1.430e+14  4.527e+15  4.527e+15  1.583e+17     0        - -
 456  1  1.358e+14 1.358e+14  376  457 CRUISE 3 184   8  64   2  416 |  69.50   76   7  8 0 0  0  0 |  4.244e+12  1.335e+15  1.335e+15  1.571e+17     0        - dip
 457  1  5.864e+14 4.004e+13  393  457 CRUISE 3 184   8  64   2  416 |  66.50   76  10  8 0 0  0  0 |  1.833e+13  1.649e+15  1.649e+15  1.560e+17     0        - dip
 458  1  2.188e+16 4.947e+13  434  457 CRUISE 3 184   8  64   2  416 |  71.75   76   5  8 0 1  0  0 |  6.836e+14  1.694e+16  1.694e+16  1.603e+17     0        - surge
 459  1  1.000e+17 5.083e+14  452  457   BANK 3  60   4 192   2  416 |  80.25   80   0  8 0 2  0  0 |  1.563e+15  2.470e+16  2.470e+16  2.341e+17     0        - surge
 460  1  1.191e+16 7.410e+14  427  461   BANK 3 124   4 128   2  416 |  80.25   80   0  8 0 1  0  0 |  1.862e+14  7.599e+15  7.599e+15  2.382e+17     0        - -
 461  1  3.219e+15 2.280e+14  412  462 DEFEND 3 256   0   0  32  416 |  77.25   80   3  8 0 0  0  3 |          0  3.299e+16  3.299e+16  2.084e+17     0        - dip,release
 462  1  6.529e+16 9.898e+14  447  460   REST 3 184   8  64   2  416 |  83.00   83   0  8 0 1  5  0 |  2.040e+15  4.856e+16  4.856e+16  2.231e+17     0        - surge,cooldown
 463  1  1.448e+16 1.457e+15  429  461   REST 3 184   8  64   2  416 |  83.00   83   0  8 0 0  4  0 |  4.524e+14  1.215e+16  1.215e+16  2.250e+17     0        - cooldown
 464  1  1.115e+16 3.645e+14  426  461   REST 3 184   8  64   2  416 |  82.25   82   0  8 0 0  3  0 |  3.486e+14  9.775e+15  9.775e+15  2.260e+17     0        - cooldown
 465  1  3.110e+15 2.932e+14  412  461   REST 3 184   8  64   2  416 |  79.25   82   3  8 0 0  2  0 |  9.720e+13  4.001e+15  4.001e+15  2.250e+17     0        - dip,cooldown
 466  1  1.765e+16 1.200e+14  432  461   REST 3 184   8  64   2  416 |  80.75   82   2  8 0 0  1  0 |  5.515e+14  1.444e+16  1.444e+16  2.277e+17     0        - cooldown
 467  1  3.320e+15 4.333e+14  412  461   REST 3 184   8  64   2  416 |  77.75   82   5  8 0 0  0  0 |  1.037e+14  4.165e+15  4.165e+15  2.267e+17     0        - dip,cooldown
 468  1  3.211e+15 1.249e+14  412  461 CRUISE 3 184   8  64   2  416 |  74.75   81   7  8 0 0  0  0 |  1.003e+14  4.079e+15  4.079e+15  2.258e+17     0        - dip
 469  1  1.576e+16 1.224e+14  431  461 CRUISE 3 184   8  64   2  416 |  77.25   81   4  8 0 0  0  0 |  4.926e+14  1.309e+16  1.309e+16  2.279e+17     0        - -
 470  1  2.173e+15 3.928e+14  408  461 CRUISE 3 184   8  64   2  416 |  74.25   81   7  8 0 0  0  0 |  6.791e+13  3.343e+15  3.343e+15  2.267e+17     0        - dip
 471  1  4.151e+15 1.003e+14  415  461 CRUISE 3 184   8  64   2  416 |  72.75   81   9  8 0 0  0  0 |  1.297e+14  4.755e+15  4.755e+15  2.260e+17     0        - -
 472  1  9.028e+15 1.426e+14  425  461 CRUISE 3 184   8  64   2  416 |  74.25   80   6  8 0 0  0  0 |  2.821e+14  8.255e+15  8.255e+15  2.265e+17     0        - -
 473  1  3.435e+15 2.476e+14  413  461 CRUISE 3 184   8  64   2  416 |  72.25   80   8  8 0 0  0  0 |  1.073e+14  4.238e+15  4.238e+15  2.256e+17     0        - -
 474  1  4.807e+15 1.271e+14  417  461 CRUISE 3 184   8  64   2  416 |  71.75   80   9  8 0 0  0  0 |  1.502e+14  5.217e+15  5.217e+15  2.250e+17     0        - -
 475  1  1.950e+17 1.565e+14  459  461   BANK 3  60   4 192   2  416 |  82.00   82   0  8 0 2  0  0 |  3.047e+15  4.746e+16  4.746e+16  3.695e+17     0        - surge
 476  1  1.560e+16 1.424e+15  430  467   BANK 3 124   4 128   2  416 |  82.50   82   0  8 0 1  0  0 |  2.438e+14  1.044e+16  1.044e+16  3.744e+17     0        - -
 477  1  1.501e+16 3.133e+14  430  467 CRUISE 3 184   8  64   2  416 |  82.75   82   0  8 0 0  0  0 |  4.691e+14  1.371e+16  1.371e+16  3.752e+17     0        - -
 478  1  1.418e+15 4.114e+14  403  467 CRUISE 3 184   8  64   2  416 |  79.75   82   3  8 0 0  0  0 |  4.431e+13  3.951e+15  3.951e+15  3.727e+17     0        - dip
 479  1  1.193e+16 1.185e+14  427  467 CRUISE 3 184   8  64   2  416 |  80.00   82   2  8 0 0  0  0 |  3.728e+14  1.149e+16  1.149e+16  3.727e+17     0        - -
 480  1  3.446e+14 3.446e+14  386  467 CRUISE 3 184   8  64   2  416 |  77.00   81   4  8 0 0  0  0 |  1.077e+13  3.160e+15  3.160e+15  3.699e+17     0        - dip
 481  1  9.479e+13 9.479e+13  371  467 CRUISE 3 184   8  64   2  416 |  74.00   81   7  8 0 0  0  0 |  2.962e+12  2.958e+15  2.958e+15  3.670e+17     0        - dip
 482  1  2.303e+15 8.874e+13  409  467 CRUISE 3 184   8  64   2  416 |  71.25   81  10  8 0 0  0  0 |  7.198e+13  4.523e+15  4.523e+15  3.647e+17     0        - dip
 483  1  4.007e+15 1.357e+14  415  467 CRUISE 3 184   8  64   2  416 |  70.50   81  11  8 0 0  0  0 |  1.252e+14  5.730e+15  5.730e+15  3.629e+17     0        - -
 484  1  7.812e+15 1.719e+14  422  467 CRUISE 3 184   8  64   2  416 |  71.75   80   9  8 0 0  0  0 |  2.441e+14  8.450e+15  8.450e+15  3.620e+17     0        - -
 485  1  1.004e+15 2.535e+14  399  467 CRUISE 3 184   8  64   2  416 |  68.75   80  12  8 0 0  0  0 |  3.137e+13  3.550e+15  3.550e+15  3.594e+17     0        - dip
 486  1  4.439e+15 1.065e+14  416  466 CRUISE 3 184   8  64   2  416 |  69.00   80  11  8 0 0  0  0 |  1.387e+14  5.999e+15  5.999e+15  3.577e+17     0        - -
 487  1  1.642e+16 1.800e+14  431  466 CRUISE 3 184   8  64   2  416 |  73.00   80   7  8 0 0  0  0 |  5.132e+14  1.460e+16  1.460e+16  3.591e+17     0        - -
 488  1  6.284e+14 4.380e+14  393  466 CRUISE 3 184   8  64   2  416 |  70.00   79   9  8 0 0  0  0 |  1.964e+13  3.257e+15  3.257e+15  3.564e+17     0        - dip
 489  1  1.121e+16 9.770e+13  426  466 CRUISE 3 184   8  64   2  416 |  72.50   79   7  8 0 0  0  0 |  3.502e+14  1.084e+16  1.084e+16  3.564e+17     0        - -
 490  1  3.930e+15 3.252e+14  414  466 CRUISE 3 184   8  64   2  416 |  71.25   79   8  8 0 0  0  0 |  1.228e+14  5.609e+15  5.609e+15  3.546e+17     0        - -
 491  1  9.275e+14 1.683e+14  398  466 CRUISE 3 184   8  64   2  416 |  68.25   79  11  8 0 0  0  0 |  2.898e+13  3.437e+15  3.437e+15  3.521e+17     0        - dip
 492  1  7.188e+15 1.031e+14  421  466 CRUISE 3 184   8  64   2  416 |  69.75   78   9  8 0 0  0  0 |  2.246e+14  7.917e+15  7.917e+15  3.511e+17     0        - -
 493  1  3.610e+15 2.375e+14  413  466 CRUISE 3 184   8  64   2  416 |  69.00   78   9  8 0 0  0  0 |  1.128e+14  5.338e+15  5.338e+15  3.493e+17     0        - -
 494  1  3.828e+15 1.601e+14  414  466 CRUISE 3 184   8  64   2  416 |  68.75   78  10  8 0 0  0  0 |  1.196e+14  5.480e+15  5.480e+15  3.475e+17     0        - -
 495  1  1.185e+15 1.644e+14  401  466 CRUISE 3 184   8  64   2  416 |  65.75   78  13  8 0 0  0  0 |  3.704e+13  3.567e+15  3.567e+15  3.451e+17     0        - dip
 496  1  5.294e+15 1.070e+14  418  466 CRUISE 3 184   8  64   2  416 |  67.25   77  10  8 0 0  0  0 |  1.654e+14  6.501e+15  6.501e+15  3.437e+17     0        - -
 497  1  1.950e+14 1.950e+14  380  466 CRUISE 3 184   8  64   2  416 |  64.25   77  13  8 0 0  0  0 |  6.095e+12  2.826e+15  2.826e+15  3.411e+17     0        - dip
 498  1  7.953e+15 8.477e+13  423  466 CRUISE 3 184   8  64   2  416 |  67.25   77  10  8 0 0  0  0 |  2.485e+14  8.381e+15  8.381e+15  3.404e+17     0        - -
 499  1  2.514e+14 2.514e+14  383  466 CRUISE 3 184   8  64   2  416 |  64.25   77  13  8 0 0  0  0 |  7.857e+12  2.840e+15  2.840e+15  3.378e+17     0        - dip
 500  1  8.260e+15 8.521e+13  423  466 CRUISE 3 184   8  64   2  416 |  67.25   76   9  8 0 0  0  0 |  2.581e+14  8.576e+15  8.576e+15  3.372e+17     0        - -
 501  1  3.720e+15 2.573e+14  414  466 CRUISE 3 184   8  64   2  416 |  67.25   76   9  8 0 0  0  0 |  1.162e+14  5.308e+15  5.308e+15  3.355e+17     0        - -
 502  1  1.592e+14 1.592e+14  378  466 CRUISE 3 184   8  64   2  416 |  64.25   76  12  8 0 0  0  0 |  4.977e+12  2.736e+15  2.736e+15  3.330e+17     0        - dip
 503  1  9.551e+14 8.207e+13  398  466 CRUISE 3 184   8  64   2  416 |  61.25   76  15  8 0 0  0  0 |  2.985e+13  3.288e+15  3.288e+15  3.306e+17     0        - dip
 504  1  2.320e+15 9.863e+13  409  466 CRUISE 3 184   8  64   2  416 |  61.50   75  14  8 0 0  0  0 |  7.250e+13  4.250e+15  4.250e+15  3.286e+17     0        - -
 505  1  1.037e+15 1.275e+14  399  466 DEFEND 3 256   0   0  32  416 |  59.25   75  16  8 0 0  0  3 |          0  4.211e+16  4.211e+16  2.875e+17     0        - dip,release
 506  1  2.141e+15 1.263e+15  408  464 DEFEND 3 256   0   0  32  416 |  59.75   75  16  8 0 0  0  2 |          0  3.808e+16  3.808e+16  2.516e+17     0        - release
 507  1  4.718e+15 1.142e+15  417  462 DEFEND 3 256   0   0  32  416 |  62.50   75  13  8 0 0  0  1 |          0  3.616e+16  3.616e+16  2.201e+17     0        - release
 508  1  1.918e+15 1.085e+15  406  461 DEFEND 3 256   0   0  32  416 |  61.75   74  13  8 0 0  0  0 |          0  2.943e+16  2.943e+16  1.926e+17     0        - release
 509  1  2.551e+15 8.830e+14  410  459   REST 3 184   8  64   2  416 |  62.25   74  12  8 0 0  5  0 |  7.972e+13  3.338e+15  3.338e+15  1.917e+17     0        - cooldown
 510  1  4.441e+15 1.001e+14  416  459   REST 3 184   8  64   2  416 |  64.00   74  10  8 0 0  4  0 |  1.388e+14  4.690e+15  4.690e+15  1.914e+17     0        - cooldown
 511  1  3.021e+15 1.407e+14  411  459   REST 3 184   8  64   2  416 |  64.25   74  10  8 0 0  3  0 |  9.441e+13  3.666e+15  3.666e+15  1.906e+17     0        - cooldown
 512  1  4.728e+15 1.100e+14  417  459   REST 3 184   8  64   2  416 |  65.75   73   8  8 0 0  2  0 |  1.478e+14  4.888e+15  4.888e+15  1.903e+17     0        - cooldown
 513  1  1.466e+14 1.466e+14  377  459   REST 3 184   8  64   2  416 |  62.75   73  11  8 0 0  1  0 |  4.582e+12  1.592e+15  1.592e+15  1.889e+17     0        - dip,cooldown
 514  1  1.300e+16 4.777e+13  428  459   REST 3 184   8  64   2  416 |  67.50   73   6  8 0 1  0  0 |  4.062e+14  1.082e+16  1.082e+16  1.906e+17     0        - surge,cooldown
 515  1  2.851e+15 3.245e+14  411  459 CRUISE 3 184   8  64   2  416 |  66.75   73   7  8 0 0  0  0 |  8.910e+13  3.539e+15  3.539e+15  1.899e+17     0        - -
 516  1  4.836e+15 1.062e+14  417  459 CRUISE 3 184   8  64   2  416 |  67.75   72   5  8 0 0  0  0 |  1.511e+14  4.959e+15  4.959e+15  1.896e+17     0        - -
 517  1  2.400e+15 1.488e+14  409  459 CRUISE 3 184   8  64   2  416 |  66.50   72   6  8 0 0  0  0 |  7.500e+13  3.206e+15  3.206e+15  1.887e+17     0        - -
 518  1  4.692e+15 9.619e+13  417  459 CRUISE 3 184   8  64   2  416 |  67.50   72   5  8 0 0  0  0 |  1.466e+14  4.846e+15  4.846e+15  1.884e+17     0        - -
 519  1  3.400e+15 1.454e+14  413  459 CRUISE 3 184   8  64   2  416 |  67.25   72   5  8 0 0  0  0 |  1.063e+14  3.916e+15  3.916e+15  1.878e+17     0        - -
 520  1  8.982e+15 1.175e+14  424  459 CRUISE 3 184   8  64   2  416 |  69.75   71   2  8 0 0  0  0 |  2.807e+14  7.923e+15  7.923e+15  1.886e+17     0        - -
 521  1  1.938e+15 2.377e+14  406  459 CRUISE 3 184   8  64   2  416 |  67.25   71   4  8 0 0  0  0 |  6.055e+13  2.866e+15  2.866e+15  1.876e+17     0        - dip
 522  1  6.150e+15 8.597e+13  419  459 CRUISE 3 184   8  64   2  416 |  68.50   71   3  8 0 0  0  0 |  1.922e+14  5.886e+15  5.886e+15  1.876e+17     0        - -
 523  1  1.766e+14 1.766e+14  379  459 CRUISE 3 184   8  64   2  416 |  65.50   71   6  8 0 0  0  0 |  5.518e+12  1.593e+15  1.593e+15  1.862e+17     0        - dip
 524  1  6.514e+15 4.779e+13  420  459 CRUISE 3 184   8  64   2  416 |  67.50   70   3  8 0 0  0  0 |  2.035e+14  6.136e+15  6.136e+15  1.864e+17     0        - -
 525  1  1.197e+16 1.841e+14  427  459 CRUISE 3 184   8  64   2  416 |  70.75   70   0  8 0 1  0  0 |  3.740e+14  1.006e+16  1.006e+16  1.879e+17     0        - surge
 526  1  3.824e+15 3.017e+14  414  459 CRUISE 3 184   8  64   2  416 |  70.00   70   0  8 0 0  0  0 |  1.195e+14  4.217e+15  4.217e+15  1.874e+17     0        - -
 527  1  2.898e+15 1.265e+14  411  459 CRUISE 3 184   8  64   2  416 |  68.75   70   2  8 0 0  0  0 |  9.055e+13  3.547e+15  3.547e+15  1.867e+17     0        - -
 528  1  9.750e+15 1.064e+14  425  459 CRUISE 3 184   8  64   2  416 |  71.25   71   0  8 0 1  0  0 |  3.047e+14  8.466e+15  8.466e+15  1.877e+17     0        - surge
 529  1  9.821e+14 2.540e+14  398  459 CRUISE 3 184   8  64   2  416 |  68.25   71   3  8 0 0  0  0 |  3.069e+13  2.172e+15  2.172e+15  1.864e+17     0        - dip
 530  1  3.631e+15 6.516e+13  413  459 CRUISE 3 184   8  64   2  416 |  67.75   71   4  8 0 0  0  0 |  1.135e+14  4.067e+15  4.067e+15  1.859e+17     0        - -
 531  1  1.352e+16 1.220e+14  429  459 CRUISE 3 184   8  64   2  416 |  71.50   71   0  8 0 1  0  0 |  4.226e+14  1.117e+16  1.117e+16  1.878e+17     0        - surge
 532  1  2.535e+15 3.352e+14  410  459 CRUISE 3 184   8  64   2  416 |  69.50   70   1  8 0 0  0  0 |  7.921e+13  3.289e+15  3.289e+15  1.870e+17     0        - -
 533  1  9.868e+13 9.868e+13  372  459 CRUISE 3 184   8  64   2  416 |  66.50   70   4  8 0 0  0  0 |  3.084e+12  1.532e+15  1.532e+15  1.855e+17     0        - dip
 534  1  1.132e+17 4.595e+13  453  459   BANK 3  60   4 192   2  416 |  76.50   76   0  8 0 2  0  0 |  1.768e+15  2.797e+16  2.797e+16  2.690e+17     0        - surge
 535  1  3.461e+15 8.391e+14  413  463   BANK 3 124   4 128   2  416 |  74.00   76   2  8 0 1  0  0 |  5.408e+13  3.778e+15  3.778e+15  2.686e+17     0        - dip
 536  1  1.133e+14 1.133e+14  373  463 DEFEND 3 256   0   0  32  416 |  71.00   75   4  8 0 0  0  3 |          0  3.369e+16  3.369e+16  2.350e+17     0        - dip,release
 537  1  1.036e+16 1.011e+15  426  462 DEFEND 3 256   0   0  32  416 |  73.25   75   2  8 0 0  0  2 |          0  3.974e+16  3.974e+16  2.056e+17     0        - release
 538  1  4.411e+15 1.192e+15  416  460 DEFEND 3 256   0   0  32  416 |  72.25   75   3  8 0 0  0  1 |          0  3.012e+16  3.012e+16  1.799e+17     0        - release
 539  1  9.035e+14 9.035e+14  397  458 DEFEND 3 256   0   0  32  416 |  69.25   75   6  8 0 0  0  0 |          0  2.340e+16  2.340e+16  1.574e+17     0        - dip,release
 540  1  5.491e+15 7.019e+14  418  457   REST 3 184   8  64   2  416 |  69.75   74   5  8 0 0  5  0 |  1.716e+14  5.177e+15  5.177e+15  1.576e+17     0        - cooldown
 541  1  3.590e+15 1.553e+14  413  457   REST 3 184   8  64   2  416 |  69.00   74   5  8 0 0  4  0 |  1.122e+14  3.811e+15  3.811e+15  1.573e+17     0        - cooldown
 542  1  1.143e+14 1.143e+14  373  457   REST 3 184   8  64   2  416 |  66.00   74   8  8 0 0  3  0 |  3.573e+12  1.311e+15  1.311e+15  1.561e+17     0        - dip,cooldown
 543  1  3.932e+13 3.932e+13  361  457   REST 3 184   8  64   2  416 |  63.00   74  11  8 0 0  2  0 |  1.229e+12  1.247e+15  1.247e+15  1.548e+17     0        - dip,cooldown
 544  1  3.296e+15 3.742e+13  412  457   REST 3 184   8  64   2  416 |  63.75   73  10  8 0 0  1  0 |  1.030e+14  3.578e+15  3.578e+15  1.545e+17     0        - cooldown
 545  1  1.074e+14 1.074e+14  373  457   REST 3 184   8  64   2  416 |  60.75   73  13  8 0 0  0  0 |  3.355e+12  1.284e+15  1.284e+15  1.533e+17     0        - dip,cooldown
 546  1  1.016e+16 3.852e+13  426  457 CRUISE 3 184   8  64   2  416 |  65.50   73   8  8 0 0  0  0 |  3.174e+14  8.497e+15  8.497e+15  1.546e+17     0        - -
 547  1  2.549e+14 2.549e+14  383  457 CRUISE 3 184   8  64   2  416 |  62.50   73  11  8 0 0  0  0 |  7.966e+12  1.391e+15  1.391e+15  1.535e+17     0        - dip
 548  1  2.591e+15 4.174e+13  410  457 CRUISE 3 184   8  64   2  416 |  62.75   72  10  8 0 0  0  0 |  8.097e+13  3.061e+15  3.061e+15  1.529e+17     0        - -
 549  1  2.308e+16 9.184e+13  435  457 CRUISE 3 184   8  64   2  416 |  69.25   72   3  8 0 1  0  0 |  7.213e+14  1.778e+16  1.778e+16  1.575e+17     0        - surge
 550  1  6.180e+15 5.335e+14  419  457 CRUISE 3 184   8  64   2  416 |  70.00   72   2  8 0 0  0  0 |  1.931e+14  5.672e+15  5.672e+15  1.578e+17     0        - -
 551  1  5.685e+16 1.702e+14  445  457 CRUISE 3 184   8  64   2  416 |  77.25   77   0  8 0 1  0  0 |  1.777e+15  4.210e+16  4.210e+16  1.708e+17     0        - surge
 552  1  1.142e+16 1.263e+15  427  458 CRUISE 3 184   8  64   2  416 |  78.00   78   0  8 0 0  0  0 |  3.570e+14  9.545e+15  9.545e+15  1.723e+17     0        - -
 553  1  3.031e+15 2.864e+14  411  458 CRUISE 3 184   8  64   2  416 |  75.00   78   3  8 0 0  0  0 |  9.471e+13  3.525e+15  3.525e+15  1.717e+17     0        - dip
 554  1  1.103e+16 1.057e+14  426  458 CRUISE 3 184   8  64   2  416 |  76.25   78   2  8 0 0  0  0 |  3.446e+14  9.267e+15  9.267e+15  1.731e+17     0        - -
 555  1  9.946e+15 2.780e+14  425  458 CRUISE 3 184   8  64   2  416 |  76.75   78   2  8 0 0  0  0 |  3.108e+14  8.501e+15  8.501e+15  1.743e+17     0        - -
 556  1  1.881e+16 2.550e+14  433  458 CRUISE 3 184   8  64   2  416 |  79.25   79   0  8 0 1  0  0 |  5.879e+14  1.488e+16  1.488e+16  1.776e+17     0        - surge
 557  1  1.033e+16 4.465e+14  426  458 CRUISE 3 184   8  64   2  416 |  79.25   79   0  8 0 0  0  0 |  3.229e+14  8.813e+15  8.813e+15  1.788e+17     0        - -
 558  1  5.363e+15 2.644e+14  418  458 CRUISE 3 184   8  64   2  416 |  77.25   79   2  8 0 0  0  0 |  1.676e+14  5.252e+15  5.252e+15  1.788e+17     0        - -
 559  1  6.691e+14 1.575e+14  394  458 CRUISE 3 184   8  64   2  416 |  74.25   79   5  8 0 0  0  0 |  2.091e+13  1.877e+15  1.877e+15  1.775e+17     0        - dip
 560  1  3.907e+16 5.632e+13  441  458 CRUISE 3 184   8  64   2  416 |  79.25   79   0  8 0 1  0  0 |  1.221e+15  2.947e+16  2.947e+16  1.859e+17     0        - surge
 561  1  5.663e+15 8.841e+14  419  459 CRUISE 3 184   8  64   2  416 |  77.50   79   2  8 0 0  0  0 |  1.770e+14  5.523e+15  5.523e+15  1.859e+17     0        - -
 562  1  1.010e+16 1.657e+14  425  459 CRUISE 3 184   8  64   2  416 |  77.75   79   2  8 0 0  0  0 |  3.155e+14  8.710e+15  8.710e+15  1.869e+17     0        - -
 563  1  3.076e+15 2.613e+14  411  459 CRUISE 3 184   8  64   2  416 |  74.75   79   5  8 0 0  0  0 |  9.613e+13  3.672e+15  3.672e+15  1.863e+17     0        - dip
 564  1  8.596e+14 1.101e+14  397  459 CRUISE 3 184   8  64   2  416 |  71.75   78   7  8 0 0  0  0 |  2.686e+13  2.073e+15  2.073e+15  1.850e+17     0        - dip
 565  1  1.543e+16 6.219e+13  430  459 CRUISE 3 184   8  64   2  416 |  74.75   78   4  8 0 0  0  0 |  4.822e+14  1.253e+16  1.253e+16  1.874e+17     0        - -
 566  1  3.760e+14 3.760e+14  387  459 CRUISE 3 184   8  64   2  416 |  71.75   78   7  8 0 0  0  0 |  1.175e+13  1.735e+15  1.735e+15  1.861e+17     0        - dip
 567  1  5.471e+15 5.204e+13  418  459 CRUISE 3 184   8  64   2  416 |  71.75   78   7  8 0 0  0  0 |  1.710e+14  5.386e+15  5.386e+15  1.860e+17     0        - -
 568  1  3.248e+15 1.616e+14  412  459 CRUISE 3 184   8  64   2  416 |  70.25   77   7  8 0 0  0  0 |  1.015e+14  3.787e+15  3.787e+15  1.853e+17     0        - -
 569  1  8.733e+15 1.136e+14  424  459 CRUISE 3 184   8  64   2  416 |  72.00   77   5  8 0 0  0  0 |  2.729e+14  7.725e+15  7.725e+15  1.861e+17     0        - -
 570  1  8.917e+15 2.317e+14  424  459 CRUISE 3 184   8  64   2  416 |  73.50   77   4  8 0 0  0  0 |  2.787e+14  7.863e+15  7.863e+15  1.868e+17     0        - -
 571  1  3.370e+15 2.359e+14  412  459 CRUISE 3 184   8  64   2  416 |  71.50   77   6  8 0 0  0  0 |  1.053e+14  3.882e+15  3.882e+15  1.862e+17     0        - -
 572  1  7.353e+15 1.165e+14  422  459 CRUISE 3 184   8  64   2  416 |  72.50   76   4  8 0 0  0  0 |  2.298e+14  6.740e+15  6.740e+15  1.866e+17     0        - -
 573  1  1.320e+16 2.022e+14  428  459 CRUISE 3 184   8  64   2  416 |  74.75   76   2  8 0 0  0  0 |  4.124e+14  1.094e+16  1.094e+16  1.884e+17     0        - -
 574  1  3.783e+15 3.283e+14  414  459 CRUISE 3 184   8  64   2  416 |  73.00   76   3  8 0 0  0  0 |  1.182e+14  4.191e+15  4.191e+15  1.879e+17     0        - -
 575  1  1.257e+14 1.257e+14  375  459 CRUISE 3 184   8  64   2  416 |  70.00   76   6  8 0 0  0  0 |  3.929e+12  1.558e+15  1.558e+15  1.865e+17     0        - dip
 576  1  5.860e+15 4.675e+13  419  459 CRUISE 3 184   8  64   2  416 |  70.75   75   5  8 0 0  0  0 |  1.831e+14  5.669e+15  5.669e+15  1.865e+17     0        - -
 577  1  4.336e+15 1.701e+14  416  459 CRUISE 3 184   8  64   2  416 |  70.50   75   5  8 0 0  0  0 |  1.355e+14  4.573e+15  4.573e+15  1.861e+17     0        - -
 578  1  1.934e+15 1.372e+14  406  459 CRUISE 3 184   8  64   2  416 |  67.75   75   8  8 0 0  0  0 |  6.045e+13  2.844e+15  2.844e+15  1.851e+17     0        - dip
 579  1  3.562e+16 8.533e+13  440  459 CRUISE 3 184   8  64   2  416 |  74.25   75   1  8 0 1  0  0 |  1.113e+15  2.705e+16  2.705e+16  1.926e+17     0        - surge
 580  1  8.114e+14 8.114e+14  396  459 CRUISE 3 184   8  64   2  416 |  71.25   74   3  8 0 0  0  0 |  2.535e+13  2.088e+15  2.088e+15  1.913e+17     0        - dip
 581  1  2.124e+15 6.264e+13  408  459 CRUISE 3 184   8  64   2  416 |  68.75   74   6  8 0 0  0  0 |  6.637e+13  3.021e+15  3.021e+15  1.903e+17     0        - dip
 582  1  2.827e+15 9.063e+13  411  459 CRUISE 3 184   8  64   2  416 |  67.75   74   7  8 0 0  0  0 |  8.835e+13  3.519e+15  3.519e+15  1.896e+17     0        - -
 583  1  2.483e+15 1.056e+14  409  459 CRUISE 3 184   8  64   2  416 |  66.50   74   8  8 0 0  0  0 |  7.759e+13  3.265e+15  3.265e+15  1.887e+17     0        - -
 584  1  2.239e+15 9.796e+13  408  459 CRUISE 3 184   8  64   2  416 |  65.25   73   8  8 0 0  0  0 |  6.996e+13  3.083e+15  3.083e+15  1.878e+17     0        - -
 585  1  9.250e+13 9.250e+13  371  459 CRUISE 3 184   8  64   2  416 |  62.25   73  11  8 0 0  0  0 |  2.891e+12  1.534e+15  1.534e+15  1.863e+17     0        - dip
 586  1  2.223e+17 4.601e+13  461  459   BANK 3  60   4 192   2  416 |  75.25   75   0  8 0 2  0  0 |  3.474e+15  5.357e+16  5.357e+16  3.516e+17     0        - surge
 587  1  6.748e+16 1.607e+15  447  466   BANK 3  60   4 192   2  416 |  81.50   81   0  8 0 3  0  0 |  1.054e+15  1.856e+16  1.856e+16  3.995e+17     0        - surge
 588  1  1.771e+15 5.569e+14  405  468   BANK 3 124   4 128   2  416 |  78.50   80   2  8 0 2  0  0 |  2.767e+13  3.979e+15  3.979e+15  3.973e+17     0        - dip
 589  1  1.961e+16 1.194e+14  433  468   BANK 3 124   4 128   2  416 |  80.50   80   0  8 0 1  0  0 |  3.063e+14  1.260e+16  1.260e+16  4.040e+17     0        - -
 590  1  1.012e+15 3.780e+14  399  468 DEFEND 3 256   0   0  32  416 |  77.50   80   3  8 0 0  0  3 |          0  5.151e+16  5.151e+16  3.535e+17     0        - dip,release
 591  1  2.729e+15 1.545e+15  410  466 DEFEND 3 256   0   0  32  416 |  74.50   80   6  8 0 0  0  2 |          0  4.691e+16  4.691e+16  3.093e+17     0        - dip,release
 592  1  4.341e+15 1.407e+15  416  465 DEFEND 3 256   0   0  32  416 |  73.25   79   6  8 0 0  0  1 |          0  4.300e+16  4.300e+16  2.706e+17     0        - release
 593  1  2.552e+15 1.290e+15  410  464 DEFEND 3 256   0   0  32  416 |  70.75   79   9  8 0 0  0  0 |          0  3.638e+16  3.638e+16  2.368e+17     0        - dip,release
 594  1  1.091e+15 1.091e+15  400  462   REST 3 184   8  64   2  416 |  67.75   79  12  8 0 0  5  0 |  3.411e+13  2.634e+15  2.634e+15  2.352e+17     0        - dip,cooldown
 595  1  7.903e+13 7.903e+13  369  462   REST 3 184   8  64   2  416 |  64.75   79  15  8 0 0  4  0 |  2.470e+12  1.894e+15  1.894e+15  2.334e+17     0        - dip,cooldown
 596  1  2.001e+16 5.683e+13  433  461   REST 3 184   8  64   2  416 |  70.25   78   8  8 0 1  3  0 |  6.252e+14  1.620e+16  1.620e+16  2.366e+17     0        - surge,cooldown
 597  1  1.338e+15 4.861e+14  402  462   REST 3 184   8  64   2  416 |  67.25   78  11  8 0 0  2  0 |  4.180e+13  2.810e+15  2.810e+15  2.351e+17     0        - dip,cooldown
 598  1  2.383e+16 8.429e+13  435  462   REST 3 184   8  64   2  416 |  72.50   78   6  8 0 1  1  0 |  7.448e+14  1.897e+16  1.897e+16  2.392e+17     0        - surge,cooldown
 599  1  4.512e+15 5.690e+14  417  462   REST 3 184   8  64   2  416 |  72.00   78   6  8 0 0  0  0 |  1.410e+14  5.112e+15  5.112e+15  2.385e+17     0        - cooldown
 600  1  8.025e+15 1.534e+14  423  462 CRUISE 3 184   8  64   2  416 |  73.25   77   4  8 0 0  0  0 |  2.508e+14  7.631e+15  7.631e+15  2.386e+17     0        - -

noisy                  ep  600 settles  600  in 5.704e+18  allow   3.3%  bought  92.6%  left   4.2%  maxRes  44.3 ep  tier 3  clamp 0  {'CRUISE': 395, 'BANK': 40, 'DEFEND': 57, 'REST': 108}  [echo 2.9%]
