The reference token's likely life: median $1.6 buys, 60% empty epochs.

  ep dt     inflow  TAX  RES   mode T buy alw res REL CEIL |      A   PK  dd LV W S CD TR |      allow     bought    reserve clamp flags
----------------------------------------------------------------------------------------------------------------------------------------
   1  1          0    0    0   IDLE 0 144  48  64   2  440 |   0.00    0   0  0 0 0  0  0 |          0          0          0     0 quiet
   2  1          0    0    0   IDLE 0 144  48  64   2  440 |   0.00    0   0  0 0 0  0  0 |          0          0          0     0 quiet
   3  1          0    0    0   IDLE 0 144  48  64   2  440 |   0.00    0   0  0 0 0  0  0 |          0          0          0     0 quiet
   4  1          0    0    0   IDLE 0 144  48  64   2  440 |   0.00    0   0  0 0 0  0  0 |          0          0          0     0 quiet
   5  1  4.422e+15  416    0 CRUISE 0 144  48  64   2  440 |  70.00   70   0  8 3 0  0  0 |  8.292e+14  2.488e+15  1.106e+15     0 warm
   6  1          0    0  400 CRUISE 0 144  48  64   2  440 |  67.00   70   3  7 2 0  0  0 |          0  8.637e+12  1.097e+15     0 dip,quiet,warm
   7  1          0    0  400 CRUISE 0 144  48  64   2  440 |  64.00   70   6  6 1 0  0  0 |          0  8.570e+12  1.088e+15     0 dip,quiet,warm
   8  1          0    0  400 CRUISE 0 144  48  64   2  440 |  61.00   69   8  5 0 0  0  0 |          0  8.503e+12  1.080e+15     0 dip,quiet,warm
   9  1          0    0  400 CRUISE 0 144  48  64   2  440 |  58.00   69  11  4 0 0  0  0 |          0  8.436e+12  1.071e+15     0 dip,quiet
  10  1  4.134e+15  415  400 CRUISE 0 144  48  64   2  440 |  60.75   69   9  8 0 0  0  0 |  7.752e+14  2.334e+15  2.097e+15     0 -
  11  1          0    0  407 CRUISE 0 144  48  64   2  440 |  57.75   69  12  7 0 0  0  0 |          0  1.638e+13  2.080e+15     0 dip,quiet
  12  1          0    0  407 CRUISE 0 144  48  64   2  440 |  54.75   68  14  6 0 0  0  0 |          0  1.625e+13  2.064e+15     0 dip,quiet
  13  1  2.809e+14  384  407 DEFEND 0 256   0   0  34  440 |  51.75   68  17  8 0 0  0  3 |          0  5.550e+14  1.790e+15     0 dip,release
  14  1  5.427e+14  392  405 DEFEND 1 256   0   0  36  432 |  50.25   68  18  8 0 0  0  2 |          0  7.944e+14  1.538e+15     0 release,tierup
  15  1          0    0  403 DEFEND 1 256   0   0  42  432 |  47.25   68  21  7 0 0  0  1 |          0  2.524e+14  1.286e+15     0 dip,quiet,release
  16  1          0    0  402 DEFEND 1 256   0   0  46  432 |  44.25   67  23  6 0 0  0  0 |          0  2.310e+14  1.055e+15     0 dip,quiet,release
  17  1  1.797e+14  379  399   REST 1 160  32  64   2  432 |  41.25   67  26  8 0 0  5  0 |  2.246e+13  1.205e+14  1.091e+15     0 dip,cooldown
  18  1  1.387e+14  376  400   REST 1 160  32  64   2  432 |  38.25   67  29  8 0 0  4  0 |  1.734e+13  9.521e+13  1.118e+15     0 dip,cooldown
  19  1          0    0  400   REST 1 160  32  64   2  432 |  35.25   67  32  7 0 0  3  0 |          0  8.731e+12  1.109e+15     0 dip,quiet,cooldown
  20  1          0    0  400   REST 1 160  32  64   2  432 |  32.25   66  34  6 0 0  2  0 |          0  8.663e+12  1.100e+15     0 dip,quiet,cooldown
  21  1          0    0  400   REST 1 160  32  64   2  432 |  29.25   66  37  5 0 0  1  0 |          0  8.595e+12  1.092e+15     0 dip,quiet,cooldown
  22  1  1.280e+14  375  400   REST 1 160  32  64   2  432 |  29.00   66  37  8 0 0  0  0 |  1.599e+13  8.850e+13  1.115e+15     0 cooldown
  23  1          0    0  400 DEFEND 1 256   0   0  64  432 |  26.00   66  40  7 0 0  0  3 |          0  2.788e+14  8.363e+14     0 dip,quiet,release
  24  1          0    0  396 DEFEND 1 256   0   0  64  432 |  23.00   65  42  6 0 0  0  2 |          0  2.091e+14  6.272e+14     0 dip,quiet,release
  25  1          0    0  393 DEFEND 1 256   0   0  64  432 |  20.00   65  45  5 0 0  0  1 |          0  1.568e+14  4.704e+14     0 dip,quiet,release
  26  1  9.556e+14  398  390 DEFEND 1 256   0   0  64  432 |  28.00   65  37  8 0 0  0  0 |          0  1.073e+15  3.528e+14     0 release
  27  1  4.982e+13  364  387   REST 1 160  32  64   2  432 |  25.50   65  40  8 0 0  5  0 |  6.228e+12  3.389e+13  3.625e+14     0 dip,cooldown
  28  1          0    0  387   REST 1 160  32  64   2  432 |  22.50   64  42  7 0 0  4  0 |          0  2.832e+12  3.597e+14     0 dip,quiet,cooldown
  29  1  1.152e+14  374  387   REST 1 160  32  64   2  432 |  23.75   64  41  8 0 0  3  0 |  1.439e+13  7.478e+13  3.857e+14     0 cooldown
  30  1  3.054e+15  411  387   REST 1 160  32  64   2  432 |  34.00   64  30  8 0 0  2  0 |  3.817e+14  1.912e+15  1.146e+15     0 cooldown
  31  1          0    0  401   REST 1 160  32  64   2  432 |  31.00   64  33  7 0 0  1  0 |          0  8.954e+12  1.137e+15     0 dip,quiet,cooldown
  32  1          0    0  401   REST 1 160  32  64   2  432 |  28.00   63  35  6 0 0  0  0 |          0  8.884e+12  1.128e+15     0 dip,quiet,cooldown
  33  1          0    0  401 DEFEND 1 256   0   0  64  432 |  25.00   63  38  5 0 0  0  3 |          0  2.821e+14  8.462e+14     0 dip,quiet,release
  34  1  1.563e+14  377  397 DEFEND 1 256   0   0  64  432 |  26.50   63  37  8 0 0  0  2 |          0  3.678e+14  6.346e+14     0 release
  35  1          0    0  394 DEFEND 1 256   0   0  64  432 |  23.50   63  40  7 0 0  0  1 |          0  1.587e+14  4.760e+14     0 dip,quiet,release
  36  1          0    0  390 DEFEND 1 256   0   0  64  432 |  20.50   62  42  6 0 0  0  0 |          0  1.190e+14  3.570e+14     0 dip,quiet,release
  37  1  3.699e+14  387  387   REST 1 160  32  64   2  432 |  25.50   62  37  8 0 0  5  0 |  4.623e+13  2.339e+14  4.467e+14     0 cooldown
  38  1          0    0  389   REST 1 160  32  64   2  432 |  22.50   62  40  7 0 0  4  0 |          0  3.490e+12  4.432e+14     0 dip,quiet,cooldown
  39  1          0    0  389   REST 1 160  32  64   2  432 |  19.50   62  43  6 0 0  3  0 |          0  3.462e+12  4.397e+14     0 dip,quiet,cooldown
  40  1  2.117e+14  381  389   REST 1 160  32  64   2  432 |  23.25   61  38  8 0 0  2  0 |  2.646e+13  1.357e+14  4.892e+14     0 cooldown
  41  1          0    0  390   REST 1 160  32  64   2  432 |  20.25   61  41  7 0 0  1  0 |          0  3.822e+12  4.854e+14     0 dip,quiet,cooldown
  42  1          0    0  390   REST 1 160  32  64   2  432 |  17.25   61  44  6 0 0  0  0 |          0  3.792e+12  4.816e+14     0 dip,quiet,cooldown
  43  1          0    0  390 DEFEND 1 256   0   0  64  432 |  14.25   61  47  5 0 0  0  3 |          0  1.204e+14  3.612e+14     0 dip,quiet,release
  44  1          0    0  387   REST 1 160  32  64   2  432 |  11.25   60  49  4 0 0  5  0 |          0  2.822e+12  3.584e+14     0 dip,quiet,cooldown
  45  1  7.202e+14  395  387   REST 1 160  32  64   2  432 |  20.50   60  40  8 0 0  4  0 |  9.002e+13  4.529e+14  5.356e+14     0 cooldown
  46  1          0    0  392   REST 1 160  32  64   2  432 |  17.50   60  43  7 0 0  3  0 |          0  4.184e+12  5.314e+14     0 dip,quiet,cooldown
  47  1  4.556e+14  389  392   REST 1 160  32  64   2  432 |  23.75   60  37  8 0 0  2  0 |  5.694e+13  2.889e+14  6.412e+14     0 cooldown
  48  1          0    0  394   REST 1 160  32  64   2  432 |  20.75   59  39  7 0 0  1  0 |          0  5.009e+12  6.361e+14     0 dip,quiet,cooldown
  49  1          0    0  394   REST 1 160  32  64   2  432 |  17.75   59  42  6 0 0  0  0 |          0  4.970e+12  6.312e+14     0 dip,quiet,cooldown
  50  1          0    0  393 DEFEND 1 256   0   0  64  432 |  14.75   59  45  5 0 0  0  3 |          0  1.578e+14  4.734e+14     0 dip,quiet,release
  51  1          0    0  390 DEFEND 1 256   0   0  64  432 |  11.75   59  48  4 0 0  0  2 |          0  1.183e+14  3.550e+14     0 dip,quiet,release
  52  1          0    0  387   REST 1 160  32  64   2  432 |   8.75   58  50  3 0 0  5  0 |          0  2.774e+12  3.523e+14     0 dip,quiet,cooldown
  53  1          0    0  387   REST 1 160  32  64   2  432 |   6.50   58  52  2 0 0  4  0 |          0  2.752e+12  3.495e+14     0 dip,quiet,cooldown
  54  1          0    0  386   REST 1 160  32  64   2  432 |   4.75   58  54  1 0 0  3  0 |          0  2.731e+12  3.468e+14     0 quiet,cooldown
  55  1          0    0  386   REST 1 160  32  64   2  432 |   3.50   58  55  0 0 0  2  0 |          0  2.709e+12  3.441e+14     0 quiet,cooldown
  56  1          0    0  386   REST 1 160  32  64   2  432 |   2.50   57  55  0 0 0  1  0 |          0  2.688e+12  3.414e+14     0 quiet,cooldown
  57  1          0    0  386   REST 1 160  32  64   2  432 |   1.75   57  56  0 0 0  0  0 |          0  2.667e+12  3.387e+14     0 quiet,cooldown
  58  1  3.190e+14  386  386 CRUISE 1 160  32  64   2  432 |  40.00   40   0  8 3 0  0  0 |  3.987e+13  2.020e+14  4.158e+14     0 warm
  59  1          0    0  388 CRUISE 1 160  32  64   2  432 |  37.00   40   3  7 2 0  0  0 |          0  3.249e+12  4.126e+14     0 dip,quiet,warm
  60  1          0    0  388 CRUISE 1 160  32  64   2  432 |  34.00   39   5  6 1 0  0  0 |          0  3.223e+12  4.093e+14     0 dip,quiet,warm
  61  1          0    0  388 CRUISE 1 160  32  64   2  432 |  31.00   39   8  5 0 0  0  0 |          0  3.198e+12  4.062e+14     0 dip,quiet,warm
  62  1          0    0  388 CRUISE 1 160  32  64   2  432 |  28.00   39  11  4 0 0  0  0 |          0  3.173e+12  4.030e+14     0 dip,quiet
  63  1          0    0  388 CRUISE 1 160  32  64   2  432 |  25.00   39  14  3 0 0  0  0 |          0  3.148e+12  3.998e+14     0 dip,quiet
  64  1          0    0  388 CRUISE 1 160  32  64   2  432 |  22.00   38  16  2 0 0  0  0 |          0  3.124e+12  3.967e+14     0 dip,quiet
  65  1  3.726e+14  387  388 CRUISE 1 160  32  64   2  432 |  26.75   38  12  8 0 0  0  0 |  4.657e+13  2.360e+14  4.867e+14     0 -
  66  1          0    0  390 CRUISE 1 160  32  64   2  432 |  23.75   38  15  7 0 0  0  0 |          0  3.803e+12  4.829e+14     0 dip,quiet
  67  1          0    0  390 DEFEND 1 256   0   0  36  432 |  20.75   38  18  6 0 0  0  3 |          0  6.791e+13  4.150e+14     0 dip,quiet,release
  68  1          0    0  388   REST 1 160  32  64   2  432 |  17.75   37  20  5 0 0  5  0 |          0  3.242e+12  4.118e+14     0 dip,quiet,cooldown
  69  1  2.278e+14  381  388   REST 1 160  32  64   2  432 |  22.00   37  15  8 0 0  4  0 |  2.847e+13  1.456e+14  4.655e+14     0 cooldown
  70  1  1.243e+14  375  390   REST 1 160  32  64   2  432 |  23.75   37  14  8 0 0  3  0 |  1.554e+13  8.133e+13  4.930e+14     0 cooldown
  71  1  1.538e+15  403  391   REST 1 160  32  64   2  432 |  32.00   37   5  8 0 1  2  0 |  1.922e+14  9.649e+14  8.735e+14     0 surge,cooldown
  72  1          0    0  397   REST 1 160  32  64   2  432 |  29.00   36   7  7 0 0  1  0 |          0  6.824e+12  8.667e+14     0 dip,quiet,cooldown
  73  1  3.018e+14  385  397   REST 1 160  32  64   2  432 |  31.50   36   5  8 0 0  0  0 |  3.773e+13  1.954e+14  9.354e+14     0 cooldown
  74  1  1.231e+14  374  398 CRUISE 1 160  32  64   2  432 |  30.50   36   6  8 0 0  0  0 |  1.539e+13  8.425e+13  9.588e+14     0 -
  75  1  7.509e+13  369  398 CRUISE 1 160  32  64   2  432 |  28.50   36   8  8 0 0  0  0 |  9.386e+12  5.442e+13  9.701e+14     0 -
  76  1          0    0  398 CRUISE 1 160  32  64   2  432 |  25.50   35  10  7 0 0  0  0 |          0  7.579e+12  9.626e+14     0 dip,quiet
  77  1          0    0  398 CRUISE 1 160  32  64   2  432 |  22.50   35  13  6 0 0  0  0 |          0  7.520e+12  9.550e+14     0 dip,quiet
  78  1  1.182e+14  374  398 CRUISE 1 160  32  64   2  432 |  23.75   35  12  8 0 0  0  0 |  1.477e+13  8.133e+13  9.771e+14     0 -
  79  1          0    0  398 CRUISE 1 160  32  64   2  432 |  20.75   35  15  7 0 0  0  0 |          0  7.634e+12  9.695e+14     0 dip,quiet
  80  1          0    0  398 DEFEND 1 256   0   0  34  432 |  17.75   34  17  6 0 0  0  3 |          0  1.288e+14  8.407e+14     0 dip,quiet,release
  81  1          0    0  396 DEFEND 1 256   0   0  40  432 |  14.75   34  20  5 0 0  0  2 |          0  1.314e+14  7.094e+14     0 dip,quiet,release
  82  1          0    0  395 DEFEND 1 256   0   0  46  432 |  11.75   34  23  4 0 0  0  1 |          0  1.275e+14  5.819e+14     0 dip,quiet,release
  83  1  2.569e+15  410  393   REST 1 160  32  64   2  432 |  24.75   34  10  8 0 1  5  0 |  3.211e+14  1.610e+15  1.220e+15     0 surge,cooldown
  84  1  1.145e+15  401  401   REST 1 160  32  64   2  432 |  32.25   33   1  8 0 2  4  0 |  1.432e+14  7.254e+14  1.496e+15     0 surge,cooldown
  85  1          0    0  403   REST 1 160  32  64   2  432 |  29.25   33   4  7 0 1  3  0 |          0  1.169e+13  1.485e+15     0 dip,quiet,cooldown
  86  1  4.859e+14  390  403   REST 1 160  32  64   2  432 |  32.75   33   1  8 0 2  2  0 |  6.074e+13  3.153e+14  1.595e+15     0 surge,cooldown
  87  1          0    0  404   REST 1 160  32  64   2  432 |  29.75   33   4  7 0 1  1  0 |          0  1.246e+13  1.582e+15     0 dip,quiet,cooldown
  88  1  6.051e+14  393  404   REST 1 160  32  64   2  432 |  34.00   34   0  8 0 2  0  0 |  7.563e+13  3.905e+14  1.721e+15     0 surge,cooldown
  89  1  6.096e+14  393  405   BANK 1  92  16 148   2  432 |  37.25   37   0  8 0 3  0  0 |  3.810e+13  2.325e+14  2.060e+15     0 surge
  90  1          0    0  407   BANK 1 112  16 128   2  432 |  34.25   37   3  7 0 2  0  0 |          0  1.609e+13  2.044e+15     0 dip,quiet
  91  1          0    0  407   BANK 1 112  16 128   2  432 |  31.25   37   6  6 0 1  0  0 |          0  1.597e+13  2.028e+15     0 dip,quiet
  92  1          0    0  407 DEFEND 1 256   0   0  32  432 |  28.25   36   8  5 0 0  0  3 |          0  2.535e+14  1.774e+15     0 dip,quiet,release
  93  1          0    0  405 DEFEND 1 256   0   0  32  432 |  25.25   36  11  4 0 0  0  2 |          0  2.218e+14  1.553e+15     0 dip,quiet,release
  94  1          0    0  404 DEFEND 1 256   0   0  32  432 |  22.25   36  14  3 0 0  0  1 |          0  1.941e+14  1.359e+15     0 dip,quiet,release
  95  1  6.349e+14  394  402   REST 1 160  32  64   2  432 |  28.50   36   8  8 0 1  5  0 |  7.937e+13  4.075e+14  1.507e+15     0 surge,cooldown
  96  1  4.138e+14  388  403   REST 1 160  32  64   2  432 |  31.75   35   4  8 0 0  4  0 |  5.173e+13  2.704e+14  1.598e+15     0 cooldown
  97  1          0    0  404   REST 1 160  32  64   2  432 |  28.75   35   7  7 0 0  3  0 |          0  1.249e+13  1.586e+15     0 dip,quiet,cooldown
  98  1          0    0  404   REST 1 160  32  64   2  432 |  25.75   35  10  6 0 0  2  0 |          0  1.239e+13  1.573e+15     0 dip,quiet,cooldown
  99  1          0    0  404   REST 1 160  32  64   2  432 |  22.75   35  13  5 0 0  1  0 |          0  1.229e+13  1.561e+15     0 dip,quiet,cooldown
 100  1  3.689e+14  387  404   REST 1 160  32  64   2  432 |  27.25   34   7  8 0 0  0  0 |  4.611e+13  2.428e+14  1.641e+15     0 cooldown
 101  1          0    0  404 CRUISE 1 160  32  64   2  432 |  24.25   34  10  7 0 0  0  0 |          0  1.282e+13  1.628e+15     0 dip,quiet
 102  1          0    0  404 CRUISE 1 160  32  64   2  432 |  21.25   34  13  6 0 0  0  0 |          0  1.272e+13  1.616e+15     0 dip,quiet
 103  1  6.876e+15  421  404   BANK 1  48  16 192   2  432 |  34.50   34   0  8 0 2  0  0 |  4.297e+14  1.302e+15  6.760e+15     0 surge
 104  1          0    0  421   BANK 1 112  16 128   2  432 |  31.50   33   2  7 0 1  0  0 |          0  5.281e+13  6.707e+15     0 dip,quiet
 105  1  7.344e+14  395  420   BANK 1  80  16 160   2  432 |  35.75   35   0  8 0 2  0  0 |  4.590e+13  2.819e+14  7.114e+15     0 surge
 106  1  2.079e+14  380  421   BANK 1 112  16 128   2  432 |  35.25   35   0  8 0 1  0  0 |  1.300e+13  1.466e+14  7.162e+15     0 -
 107  1  5.941e+14  393  421   BANK 1  96  16 144   2  432 |  38.00   38   0  8 0 2  0  0 |  3.713e+13  2.787e+14  7.440e+15     0 surge
 108  1          0    0  422   BANK 1 112  16 128   2  432 |  35.00   37   2  7 0 1  0  0 |          0  5.813e+13  7.382e+15     0 dip,quiet
 109  1          0    0  422 DEFEND 1 256   0   0  32  432 |  32.00   37   5  6 0 0  0  3 |          0  9.227e+14  6.459e+15     0 dip,quiet,release
 110  1          0    0  420 DEFEND 1 256   0   0  32  432 |  29.00   37   8  5 0 0  0  2 |          0  8.074e+14  5.652e+15     0 dip,quiet,release
 111  1  1.684e+15  404  419   REST 1 160  32  64   2  432 |  36.25   37   1  8 0 1  5  0 |  2.105e+14  1.096e+15  6.029e+15     0 surge,cooldown
 112  1  5.564e+14  392  419   REST 1 160  32  64   2  432 |  38.50   38   0  8 0 2  4  0 |  6.955e+13  3.948e+14  6.121e+15     0 surge,cooldown
 113  1  5.969e+14  393  419   REST 1 160  32  64   2  432 |  40.50   40   0  8 0 3  3  0 |  7.462e+13  4.209e+14  6.222e+15     0 surge,cooldown
 114  1  2.504e+14  383  420   REST 1 160  32  64   2  432 |  39.50   40   1  8 0 2  2  0 |  3.130e+13  2.051e+14  6.236e+15     0 cooldown
 115  1  2.791e+13  357  420   REST 1 160  32  64   2  432 |  36.50   40   4  8 0 1  1  0 |  3.489e+12  6.617e+13  6.194e+15     0 dip,cooldown
 116  1  2.058e+14  380  420   REST 1 160  32  64   2  432 |  35.75   39   4  8 0 0  0  0 |  2.573e+13  1.770e+14  6.197e+15     0 cooldown
 117  1          0    0  420 CRUISE 1 160  32  64   2  432 |  32.75   39   7  7 0 0  0  0 |          0  4.842e+13  6.149e+15     0 dip,quiet
 118  1          0    0  419 CRUISE 1 160  32  64   2  432 |  29.75   39  10  6 0 0  0  0 |          0  4.804e+13  6.101e+15     0 dip,quiet
 119  1  4.180e+14  388  419 CRUISE 1 160  32  64   2  432 |  32.75   39   7  8 0 0  0  0 |  5.225e+13  3.089e+14  6.158e+15     0 -
 120  1          0    0  419 CRUISE 1 160  32  64   2  432 |  29.75   38   9  7 0 0  0  0 |          0  4.811e+13  6.110e+15     0 dip,quiet
 121  1          0    0  419 CRUISE 1 160  32  64   2  432 |  26.75   38  12  6 0 0  0  0 |          0  4.773e+13  6.062e+15     0 dip,quiet
 122  1          0    0  419 CRUISE 1 160  32  64   2  432 |  23.75   38  15  5 0 0  0  0 |          0  4.736e+13  6.015e+15     0 dip,quiet
 123  1          0    0  419 DEFEND 1 256   0   0  36  432 |  20.75   38  18  4 0 0  0  3 |          0  8.458e+14  5.169e+15     0 dip,quiet,release
 124  1  1.562e+15  404  418   REST 1 160  32  64   2  432 |  30.00   37   7  8 0 1  5  0 |  1.952e+14  1.016e+15  5.519e+15     0 surge,cooldown
 125  1  1.604e+14  378  418   REST 1 160  32  64   2  432 |  30.50   37   7  8 0 0  4  0 |  2.005e+13  1.434e+14  5.516e+15     0 cooldown
 126  1          0    0  418   REST 1 160  32  64   2  432 |  27.50   37  10  7 0 0  3  0 |          0  4.309e+13  5.473e+15     0 dip,quiet,cooldown
 127  1          0    0  418   REST 1 160  32  64   2  432 |  24.50   37  13  6 0 0  2  0 |          0  4.275e+13  5.430e+15     0 dip,quiet,cooldown
 128  1          0    0  418   REST 1 160  32  64   2  432 |  21.50   36  15  5 0 0  1  0 |          0  4.242e+13  5.387e+15     0 dip,quiet,cooldown
 129  1          0    0  418   REST 1 160  32  64   2  432 |  18.50   36  18  4 0 0  0  0 |          0  4.209e+13  5.345e+15     0 dip,quiet,cooldown
 130  1  4.447e+13  363  418 DEFEND 1 256   0   0  36  432 |  18.00   36  18  8 0 0  0  3 |          0  7.962e+14  4.594e+15     0 release
 131  1          0    0  417 DEFEND 1 256   0   0  42  432 |  15.00   36  21  7 0 0  0  2 |          0  7.537e+14  3.840e+15     0 dip,quiet,release
 132  1  1.303e+15  402  414   REST 1 160  32  64   2  432 |  25.25   35  10  8 0 1  5  0 |  1.629e+14  8.443e+14  4.136e+15     0 surge,cooldown
 133  1          0    0  415   REST 1 160  32  64   2  432 |  22.25   35  13  7 0 0  4  0 |          0  3.231e+13  4.103e+15     0 dip,quiet,cooldown
 134  1          0    0  415   REST 1 160  32  64   2  432 |  19.25   35  16  6 0 0  3  0 |          0  3.206e+13  4.071e+15     0 dip,quiet,cooldown
 135  1          0    0  415   REST 1 160  32  64   2  432 |  16.25   35  19  5 0 0  2  0 |          0  3.181e+13  4.040e+15     0 dip,quiet,cooldown
 136  1          0    0  415   REST 1 160  32  64   2  432 |  13.25   34  21  4 0 0  1  0 |          0  3.156e+13  4.008e+15     0 dip,quiet,cooldown
 137  1  6.919e+14  394  415   REST 1 160  32  64   2  432 |  21.75   34  13  8 0 1  0  0 |  8.649e+13  4.637e+14  4.150e+15     0 surge,cooldown
 138  1          0    0  415 DEFEND 1 256   0   0  32  432 |  18.75   34  16  7 0 0  0  3 |          0  5.187e+14  3.631e+15     0 dip,quiet,release
 139  1  3.023e+14  385  413 DEFEND 1 256   0   0  32  432 |  23.75   34  11  8 0 0  0  2 |          0  7.562e+14  3.177e+15     0 release
 140  1          0    0  412 DEFEND 1 256   0   0  32  432 |  20.75   33  13  7 0 0  0  1 |          0  3.971e+14  2.780e+15     0 dip,quiet,release
 141  1          0    0  410 DEFEND 1 256   0   0  32  432 |  17.75   33  16  6 0 0  0  0 |          0  3.475e+14  2.432e+15     0 dip,quiet,release
 142  1          0    0  409   REST 1 160  32  64   2  432 |  14.75   33  19  5 0 0  5  0 |          0  1.900e+13  2.413e+15     0 dip,quiet,cooldown
 143  1  2.771e+14  384  409   REST 1 160  32  64   2  432 |  20.50   33  13  8 0 0  4  0 |  3.463e+13  1.920e+14  2.464e+15     0 cooldown
 144  1  5.742e+14  393  409   REST 1 160  32  64   2  432 |  27.00   32   5  8 0 1  3  0 |  7.178e+13  3.781e+14  2.588e+15     0 surge,cooldown
 145  1          0    0  410   REST 1 160  32  64   2  432 |  24.00   32   8  7 0 0  2  0 |          0  2.022e+13  2.568e+15     0 dip,quiet,cooldown
 146  1  2.943e+14  385  410   REST 1 160  32  64   2  432 |  27.75   32   5  8 0 0  1  0 |  3.678e+13  2.040e+14  2.621e+15     0 cooldown
 147  1  9.153e+14  398  410   REST 1 160  32  64   2  432 |  33.75   33   0  8 0 1  0  0 |  1.144e+14  5.925e+14  2.830e+15     0 surge,cooldown
 148  1          0    0  411 CRUISE 1 160  32  64   2  432 |  30.75   32   2  7 0 0  0  0 |          0  2.211e+13  2.808e+15     0 dip,quiet
 149  1  1.864e+15  406  410 CRUISE 1 160  32  64   2  432 |  38.00   38   0  8 0 1  0  0 |  2.331e+14  1.187e+15  3.252e+15     0 surge
 150  1  8.776e+14  397  412   BANK 1  92  16 148   2  432 |  41.25   41   0  8 0 2  0  0 |  5.485e+13  3.408e+14  3.734e+15     0 surge
 151  1          0    0  414   BANK 1 112  16 128   2  432 |  38.25   41   3  7 0 1  0  0 |          0  2.917e+13  3.705e+15     0 dip,quiet
 152  1          0    0  414 DEFEND 1 256   0   0  32  432 |  35.25   40   5  6 0 0  0  3 |          0  4.631e+14  3.242e+15     0 dip,quiet,release
 153  1          0    0  412 DEFEND 1 256   0   0  32  432 |  32.25   40   8  5 0 0  0  2 |          0  4.052e+14  2.836e+15     0 dip,quiet,release
 154  1  6.941e+14  394  411   REST 1 160  32  64   2  432 |  36.00   40   4  8 0 1  5  0 |  8.676e+13  4.559e+14  2.988e+15     0 surge,cooldown
 155  1  3.421e+14  386  411   REST 1 160  32  64   2  432 |  37.00   40   3  8 0 0  4  0 |  4.277e+13  2.372e+14  3.050e+15     0 cooldown
 156  1          0    0  411   REST 1 160  32  64   2  432 |  34.00   39   5  7 0 0  3  0 |          0  2.383e+13  3.026e+15     0 dip,quiet,cooldown
 157  1          0    0  411   REST 1 160  32  64   2  432 |  31.00   39   8  6 0 0  2  0 |          0  2.364e+13  3.002e+15     0 dip,quiet,cooldown
 158  1          0    0  411   REST 1 160  32  64   2  432 |  28.00   39  11  5 0 0  1  0 |          0  2.346e+13  2.979e+15     0 dip,quiet,cooldown
 159  1  4.363e+14  389  411   REST 1 160  32  64   2  432 |  31.75   39   8  8 0 0  0  0 |  5.454e+13  2.960e+14  3.065e+15     0 cooldown
 160  1  9.942e+14  399  411 CRUISE 1 160  32  64   2  432 |  37.00   38   1  8 0 1  0  0 |  1.243e+14  6.453e+14  3.289e+15     0 surge
 161  1  1.378e+14  376  412 CRUISE 1 160  32  64   2  432 |  35.25   38   3  8 0 0  0  0 |  1.722e+13  1.118e+14  3.298e+15     0 -
 162  1  1.686e+14  378  412 CRUISE 1 160  32  64   2  432 |  34.25   38   4  8 0 0  0  0 |  2.107e+13  1.311e+14  3.315e+15     0 -
 163  1  5.817e+14  393  412 CRUISE 1 160  32  64   2  432 |  37.25   38   1  8 0 1  0  0 |  7.271e+13  3.894e+14  3.434e+15     0 surge
 164  1          0    0  413 CRUISE 1 160  32  64   2  432 |  34.25   37   3  7 0 0  0  0 |          0  2.683e+13  3.407e+15     0 dip,quiet
 165  1          0    0  413 CRUISE 1 160  32  64   2  432 |  31.25   37   6  6 0 0  0  0 |          0  2.662e+13  3.381e+15     0 dip,quiet
 166  1          0    0  413 CRUISE 1 160  32  64   2  432 |  28.25   37   9  5 0 0  0  0 |          0  2.641e+13  3.354e+15     0 dip,quiet
 167  1          0    0  412 CRUISE 1 160  32  64   2  432 |  25.25   37  12  4 0 0  0  0 |          0  2.620e+13  3.328e+15     0 dip,quiet
 168  1          0    0  412 CRUISE 1 160  32  64   2  432 |  22.25   36  14  3 0 0  0  0 |          0  2.600e+13  3.302e+15     0 dip,quiet
 169  1  2.964e+14  385  412 CRUISE 1 160  32  64   2  432 |  26.25   36  10  8 0 0  0  0 |  3.706e+13  2.111e+14  3.350e+15     0 -
 170  1          0    0  412 CRUISE 1 160  32  64   2  432 |  23.25   36  13  7 0 0  0  0 |          0  2.617e+13  3.324e+15     0 dip,quiet
 171  1  1.026e+16  426  412   BANK 1  48  16 192   2  432 |  37.25   37   0  8 0 2  0  0 |  6.414e+14  1.950e+15  1.100e+16     0 surge
 172  1          0    0  426   BANK 1 112  16 128   2  432 |  34.25   36   2  7 0 1  0  0 |          0  8.590e+13  1.091e+16     0 dip,quiet
 173  1          0    0  426 DEFEND 1 256   0   0  32  432 |  31.25   36   5  6 0 0  0  3 |          0  1.364e+15  9.546e+15     0 dip,quiet,release
 174  1          0    0  425 DEFEND 1 256   0   0  32  432 |  28.25   36   8  5 0 0  0  2 |          0  1.193e+15  8.353e+15     0 dip,quiet,release
 175  1          0    0  423 DEFEND 1 256   0   0  32  432 |  25.25   36  11  4 0 0  0  1 |          0  1.044e+15  7.308e+15     0 dip,quiet,release
 176  1          0    0  421 DEFEND 1 256   0   0  32  432 |  22.25   35  13  3 0 0  0  0 |          0  9.136e+14  6.395e+15     0 dip,quiet,release
 177  1          0    0  420   REST 1 160  32  64   2  432 |  19.25   35  16  2 0 0  5  0 |          0  4.996e+13  6.345e+15     0 dip,quiet,cooldown
 178  1  3.623e+14  387  420   REST 1 160  32  64   2  432 |  24.50   35  11  8 0 0  4  0 |  4.529e+13  2.760e+14  6.386e+15     0 cooldown
 179  1          0    0  420   REST 1 160  32  64   2  432 |  21.50   35  14  7 0 0  3  0 |          0  4.989e+13  6.336e+15     0 dip,quiet,cooldown
 180  1          0    0  420   REST 1 160  32  64   2  432 |  18.50   34  16  6 0 0  2  0 |          0  4.950e+13  6.287e+15     0 dip,quiet,cooldown
 181  1          0    0  420   REST 1 160  32  64   2  432 |  15.50   34  19  5 0 0  1  0 |          0  4.911e+13  6.237e+15     0 dip,quiet,cooldown
 182  1          0    0  420   REST 1 160  32  64   2  432 |  12.50   34  22  4 0 0  0  0 |          0  4.873e+13  6.189e+15     0 dip,quiet,cooldown
 183  1          0    0  419 DEFEND 1 256   0   0  50  432 |   9.50   34  25  3 0 0  0  3 |          0  1.209e+15  4.980e+15     0 dip,quiet,release
 184  1          0    0  417 DEFEND 1 256   0   0  52  432 |   7.00   33  26  2 0 0  0  2 |          0  1.012e+15  3.968e+15     0 dip,quiet,release
 185  1          0    0  415 DEFEND 1 256   0   0  56  432 |   5.25   33  28  1 0 0  0  1 |          0  8.681e+14  3.100e+15     0 quiet,release
 186  1          0    0  412 DEFEND 1 256   0   0  60  432 |   3.75   33  30  0 0 0  0  0 |          0  7.266e+14  2.374e+15     0 quiet,release
 187  1          0    0  409   REST 1 160  32  64   2  432 |   2.75   33  31  0 0 0  5  0 |          0  1.854e+13  2.355e+15     0 quiet,cooldown
 188  1          0    0  409   REST 1 160  32  64   2  432 |   2.00   32  30  0 0 0  4  0 |          0  1.840e+13  2.337e+15     0 quiet,cooldown
 189  1          0    0  409   REST 1 160  32  64   2  432 |   1.50   32  31  0 0 0  3  0 |          0  1.826e+13  2.318e+15     0 quiet,cooldown
 190  1  6.827e+14  394  409   REST 1 160  32  64   2  432 |  48.00   48   0  8 3 0  2  0 |  8.534e+13  4.448e+14  2.471e+15     0 cooldown,warm
 191  1  2.736e+14  384  409   REST 1 160  32  64   2  432 |  45.50   48   3  8 2 0  1  0 |  3.420e+13  1.903e+14  2.520e+15     0 dip,cooldown,warm
 192  1  9.651e+14  398  409   REST 1 160  32  64   2  432 |  52.00   52   0  8 1 0  0  0 |  1.206e+14  6.229e+14  2.742e+15     0 cooldown,warm
 193  1  4.494e+14  389  410 CRUISE 1 160  32  64   2  432 |  49.75   52   3  8 0 0  0  0 |  5.618e+13  3.023e+14  2.833e+15     0 dip,warm
 194  1          0    0  411 CRUISE 1 160  32  64   2  432 |  46.75   52   6  7 0 0  0  0 |          0  2.213e+13  2.811e+15     0 dip,quiet
 195  1  9.161e+13  371  410 CRUISE 1 160  32  64   2  432 |  43.75   52   9  8 0 0  0  0 |  1.145e+13  7.921e+13  2.811e+15     0 dip
 196  1          0    0  410 CRUISE 1 160  32  64   2  432 |  40.75   51  11  7 0 0  0  0 |          0  2.196e+13  2.790e+15     0 dip,quiet
 197  1  9.743e+13  372  410 CRUISE 1 160  32  64   2  432 |  37.75   51  14  8 0 0  0  0 |  1.218e+13  8.269e+13  2.792e+15     0 dip
 198  1  4.293e+13  362  410 DEFEND 1 256   0   0  34  432 |  34.75   51  17  8 0 0  0  3 |          0  4.138e+14  2.421e+15     0 dip,release
 199  1          0    0  409 DEFEND 1 256   0   0  40  432 |  31.75   51  20  7 0 0  0  2 |          0  3.783e+14  2.043e+15     0 dip,quiet,release
 200  1  1.155e+14  374  407 DEFEND 1 256   0   0  40  432 |  30.75   50  20  8 0 0  0  1 |          0  4.347e+14  1.724e+15     0 release
 201  1  1.158e+15  401  405 DEFEND 1 256   0   0  32  432 |  36.75   50  14  8 0 0  0  0 |          0  1.374e+15  1.508e+15     0 release
 202  1  7.013e+13  368  403   REST 1 160  32  64   2  432 |  33.75   50  17  8 0 0  5  0 |  8.766e+12  5.561e+13  1.514e+15     0 dip,cooldown
 203  1          0    0  403   REST 1 160  32  64   2  432 |  30.75   50  20  7 0 0  4  0 |          0  1.183e+13  1.502e+15     0 dip,quiet,cooldown
 204  1          0    0  403   REST 1 160  32  64   2  432 |  27.75   49  22  6 0 0  3  0 |          0  1.174e+13  1.490e+15     0 dip,quiet,cooldown
 205  1          0    0  403   REST 1 160  32  64   2  432 |  24.75   49  25  5 0 0  2  0 |          0  1.164e+13  1.479e+15     0 dip,quiet,cooldown
 206  1          0    0  403   REST 1 160  32  64   2  432 |  21.75   49  28  4 0 0  1  0 |          0  1.155e+13  1.467e+15     0 dip,quiet,cooldown
 207  1          0    0  403   REST 1 160  32  64   2  432 |  18.75   49  31  3 0 0  0  0 |          0  1.146e+13  1.456e+15     0 dip,quiet,cooldown
 208  1  1.246e+16  428  403   BANK 1  48  16 192   2  432 |  34.50   48  14  8 0 2  0  0 |  7.788e+14  2.348e+15  1.079e+16     0 surge
 209  1          0    0  426   BANK 1 112  16 128   2  432 |  31.50   48  17  7 0 1  0  0 |          0  8.429e+13  1.071e+16     0 dip,quiet
 210  1          0    0  426 DEFEND 1 256   0   0  40  432 |  28.50   48  20  6 0 0  0  3 |          0  1.673e+15  9.033e+15     0 dip,quiet,release
 211  1  6.909e+13  368  425 DEFEND 1 256   0   0  44  432 |  26.75   48  22  8 0 0  0  2 |          0  1.622e+15  7.480e+15     0 release
 212  1  5.006e+15  417  422   REST 1 160  32  64   2  432 |  37.75   47  10  8 0 1  5  0 |  6.258e+14  3.187e+15  8.673e+15     0 surge,cooldown
 213  1          0    0  424   REST 1 160  32  64   2  432 |  34.75   47  13  7 0 0  4  0 |          0  6.776e+13  8.605e+15     0 dip,quiet,cooldown
 214  1  7.686e+14  395  424   REST 1 160  32  64   2  432 |  38.25   47   9  8 0 0  3  0 |  9.608e+13  5.476e+14  8.730e+15     0 cooldown
 215  1  2.847e+15  411  424   REST 1 160  32  64   2  432 |  44.75   47   3  8 0 1  2  0 |  3.558e+14  1.847e+15  9.374e+15     0 surge,cooldown
 216  1  7.519e+14  395  425   REST 1 160  32  64   2  432 |  45.75   46   1  8 0 0  1  0 |  9.398e+13  5.432e+14  9.489e+15     0 cooldown
 217  1          0    0  425   REST 1 160  32  64   2  432 |  42.75   46   4  7 0 0  0  0 |          0  7.413e+13  9.415e+15     0 dip,quiet,cooldown
 218  1          0    0  425 CRUISE 1 160  32  64   2  432 |  39.75   46   7  6 0 0  0  0 |          0  7.355e+13  9.341e+15     0 dip,quiet
 219  1          0    0  425 CRUISE 1 160  32  64   2  432 |  36.75   46  10  5 0 0  0  0 |          0  7.298e+13  9.268e+15     0 dip,quiet
 220  1          0    0  425 CRUISE 1 160  32  64   2  432 |  33.75   45  12  4 0 0  0  0 |          0  7.241e+13  9.196e+15     0 dip,quiet
 221  1  1.239e+15  401  425 CRUISE 1 160  32  64   2  432 |  39.00   45   6  8 0 1  0  0 |  1.548e+14  8.460e+14  9.433e+15     0 surge
 222  1  1.818e+14  379  425 CRUISE 1 160  32  64   2  432 |  37.50   45   8  8 0 0  0  0 |  2.273e+13  1.873e+14  9.405e+15     0 -
 223  1          0    0  425 CRUISE 1 160  32  64   2  432 |  34.50   45  11  7 0 0  0  0 |          0  7.348e+13  9.332e+15     0 dip,quiet
 224  1  8.950e+14  397  425 CRUISE 1 160  32  64   2  432 |  38.50   44   6  8 0 0  0  0 |  1.119e+14  6.323e+14  9.483e+15     0 -
 225  1  5.246e+14  391  425 CRUISE 1 160  32  64   2  432 |  40.00   44   4  8 0 0  0  0 |  6.557e+13  4.019e+14  9.540e+15     0 -
 226  1  1.830e+14  379  425 CRUISE 1 160  32  64   2  432 |  38.25   44   6  8 0 0  0  0 |  2.287e+13  1.889e+14  9.511e+15     0 -
 227  1          0    0  425 CRUISE 1 160  32  64   2  432 |  35.25   44   9  7 0 0  0  0 |          0  7.430e+13  9.437e+15     0 dip,quiet
 228  1          0    0  425 CRUISE 1 160  32  64   2  432 |  32.25   43  11  6 0 0  0  0 |          0  7.372e+13  9.363e+15     0 dip,quiet
 229  1          0    0  425 CRUISE 1 160  32  64   2  432 |  29.25   43  14  5 0 0  0  0 |          0  7.315e+13  9.290e+15     0 dip,quiet
 230  1          0    0  425 DEFEND 1 256   0   0  34  432 |  26.25   43  17  4 0 0  0  3 |          0  1.234e+15  8.056e+15     0 dip,quiet,release
 231  1          0    0  423 DEFEND 1 256   0   0  40  432 |  23.25   43  20  3 0 0  0  2 |          0  1.259e+15  6.797e+15     0 dip,quiet,release
 232  1          0    0  421 DEFEND 1 256   0   0  44  432 |  20.25   42  22  2 0 0  0  1 |          0  1.168e+15  5.629e+15     0 dip,quiet,release
 233  1          0    0  418 DEFEND 1 256   0   0  50  432 |  17.25   42  25  1 0 0  0  0 |          0  1.099e+15  4.529e+15     0 dip,quiet,release
 234  1          0    0  417   REST 1 160  32  64   2  432 |  14.25   42  28  0 0 0  5  0 |          0  3.539e+13  4.494e+15     0 dip,quiet,cooldown
 235  1          0    0  416   REST 1 160  32  64   2  432 |  11.25   42  31  0 0 0  4  0 |          0  3.511e+13  4.459e+15     0 quiet,cooldown
 236  1          0    0  416   REST 1 160  32  64   2  432 |   8.25   41  33  0 0 0  3  0 |          0  3.484e+13  4.424e+15     0 quiet,cooldown
 237  1          0    0  416   REST 1 160  32  64   2  432 |   6.00   41  35  0 0 0  2  0 |          0  3.456e+13  4.390e+15     0 quiet,cooldown
 238  1          0    0  416   REST 1 160  32  64   2  432 |   4.50   41  37  0 0 0  1  0 |          0  3.429e+13  4.355e+15     0 quiet,cooldown
 239  1  4.070e+14  388  416   REST 1 160  32  64   2  432 |  42.00   42   0  8 3 0  0  0 |  5.088e+13  2.884e+14  4.423e+15     0 cooldown,warm
 240  1  1.739e+14  378  416 CRUISE 1 160  32  64   2  432 |  39.50   41   2  8 2 0  0  0 |  2.174e+13  1.432e+14  4.432e+15     0 dip,warm
 241  1          0    0  416 CRUISE 1 160  32  64   2  432 |  36.50   41   5  7 1 0  0  0 |          0  3.462e+13  4.397e+15     0 dip,quiet,warm
 242  1  3.276e+14  386  416 CRUISE 1 160  32  64   2  432 |  40.00   41   1  8 0 0  0  0 |  4.095e+13  2.391e+14  4.445e+15     0 warm
 243  1          0    0  416 CRUISE 1 160  32  64   2  432 |  37.00   41   4  7 0 0  0  0 |          0  3.473e+13  4.410e+15     0 dip,quiet
 244  1  6.835e+13  368  416 CRUISE 1 160  32  64   2  432 |  34.00   40   6  8 0 0  0  0 |  8.544e+12  7.717e+13  4.393e+15     0 dip
 245  1          0    0  416 CRUISE 1 160  32  64   2  432 |  31.00   40   9  7 0 0  0  0 |          0  3.432e+13  4.358e+15     0 dip,quiet
 246  1          0    0  416 CRUISE 1 160  32  64   2  432 |  28.00   40  12  6 0 0  0  0 |          0  3.405e+13  4.324e+15     0 dip,quiet
 247  1  5.422e+14  392  416 CRUISE 1 160  32  64   2  432 |  32.50   40   8  8 0 0  0  0 |  6.777e+13  3.727e+14  4.426e+15     0 -
 248  1  1.525e+15  403  416 CRUISE 1 160  32  64   2  432 |  38.50   39   1  8 0 1  0  0 |  1.906e+14  9.875e+14  4.773e+15     0 surge
 249  1          0    0  417 CRUISE 1 160  32  64   2  432 |  35.50   39   4  7 0 0  0  0 |          0  3.729e+13  4.735e+15     0 dip,quiet
 250  1  1.310e+15  402  417 CRUISE 1 160  32  64   2  432 |  40.50   40   0  8 0 1  0  0 |  1.637e+14  8.556e+14  5.026e+15     0 surge
 251  1  8.842e+13  371  417 CRUISE 1 160  32  64   2  432 |  37.50   40   3  8 0 0  0  0 |  1.105e+13  9.452e+13  5.009e+15     0 dip
 252  1          0    0  417 CRUISE 1 160  32  64   2  432 |  34.50   39   5  7 0 0  0  0 |          0  3.913e+13  4.970e+15     0 dip,quiet
 253  1          0    0  417 CRUISE 1 160  32  64   2  432 |  31.50   39   8  6 0 0  0  0 |          0  3.883e+13  4.931e+15     0 dip,quiet
 254  1          0    0  417 CRUISE 1 160  32  64   2  432 |  28.50   39  11  5 0 0  0  0 |          0  3.852e+13  4.892e+15     0 dip,quiet
 255  1          0    0  417 CRUISE 1 160  32  64   2  432 |  25.50   39  14  4 0 0  0  0 |          0  3.822e+13  4.854e+15     0 dip,quiet
 256  1          0    0  417 DEFEND 1 256   0   0  32  432 |  22.50   38  16  3 0 0  0  3 |          0  6.068e+14  4.247e+15     0 dip,quiet,release
 257  1  5.482e+15  418  416   REST 2 176  16  64   2  424 |  34.75   38   4  8 0 2  5  0 |  3.426e+14  3.802e+15  5.585e+15     0 surge,tierup,cooldown
 258  1          0    0  418   REST 2 176  16  64   2  424 |  31.75   38   7  7 0 1  4  0 |          0  4.363e+13  5.541e+15     0 dip,quiet,cooldown
 259  1          0    0  418   REST 2 176  16  64   2  424 |  28.75   38  10  6 0 0  3  0 |          0  4.329e+13  5.498e+15     0 dip,quiet,cooldown
 260  1  1.283e+15  402  418   REST 2 176  16  64   2  424 |  35.50   37   2  8 0 1  2  0 |  8.019e+13  9.250e+14  5.776e+15     0 surge,cooldown
 261  1          0    0  419   REST 2 176  16  64   2  424 |  32.50   37   5  7 0 0  1  0 |          0  4.512e+13  5.730e+15     0 dip,quiet,cooldown
 262  1          0    0  419   REST 2 176  16  64   2  424 |  29.50   37   8  6 0 0  0  0 |          0  4.477e+13  5.686e+15     0 dip,quiet,cooldown
 263  1          0    0  419 CRUISE 2 176  16  64   2  424 |  26.50   37  11  5 0 0  0  0 |          0  4.442e+13  5.641e+15     0 dip,quiet
 264  1  4.737e+13  363  419 CRUISE 2 176  16  64   2  424 |  24.00   36  12  8 0 0  0  0 |  2.961e+12  7.664e+13  5.609e+15     0 dip
 265  1          0    0  418 CRUISE 2 176  16  64   2  424 |  21.00   36  15  7 0 0  0  0 |          0  4.382e+13  5.565e+15     0 dip,quiet
 266  1          0    0  418 DEFEND 2 256   0   0  36  424 |  18.00   36  18  6 0 0  0  3 |          0  7.826e+14  4.783e+15     0 dip,quiet,release
 267  1          0    0  417 DEFEND 2 256   0   0  42  424 |  15.00   36  21  5 0 0  0  2 |          0  7.846e+14  3.998e+15     0 dip,quiet,release
 268  1          0    0  415 DEFEND 2 256   0   0  46  424 |  12.00   35  23  4 0 0  0  1 |          0  7.184e+14  3.280e+15     0 dip,quiet,release
 269  1          0    0  412 DEFEND 2 256   0   0  52  424 |   9.00   35  26  3 0 0  0  0 |          0  6.662e+14  2.613e+15     0 dip,quiet,release
 270  1  3.333e+14  386  410   REST 2 176  16  64   2  424 |  16.75   35  19  8 0 0  5  0 |  2.083e+13  2.496e+14  2.676e+15     0 cooldown
 271  1          0    0  410   REST 2 176  16  64   2  424 |  13.75   35  22  7 0 0  4  0 |          0  2.091e+13  2.655e+15     0 dip,quiet,cooldown
 272  1  1.920e+14  379  410   REST 2 176  16  64   2  424 |  18.50   34  16  8 0 0  3  0 |  1.200e+13  1.527e+14  2.683e+15     0 cooldown
 273  1          0    0  410   REST 2 176  16  64   2  424 |  15.50   34  19  7 0 0  2  0 |          0  2.096e+13  2.662e+15     0 dip,quiet,cooldown
 274  1  6.978e+14  394  410   REST 2 176  16  64   2  424 |  23.50   34  11  8 0 1  1  0 |  4.361e+13  5.005e+14  2.815e+15     0 surge,cooldown
 275  1          0    0  411   REST 2 176  16  64   2  424 |  20.50   34  14  7 0 0  0  0 |          0  2.199e+13  2.793e+15     0 dip,quiet,cooldown
 276  1  2.984e+14  385  410 CRUISE 2 176  16  64   2  424 |  25.00   33   8  8 0 0  0  0 |  1.865e+13  2.270e+14  2.846e+15     0 -
 277  1          0    0  411 CRUISE 2 176  16  64   2  424 |  22.00   33  11  7 0 0  0  0 |          0  2.224e+13  2.824e+15     0 dip,quiet
 278  1          0    0  411 CRUISE 2 176  16  64   2  424 |  19.00   33  14  6 0 0  0  0 |          0  2.206e+13  2.802e+15     0 dip,quiet
 279  1  1.417e+15  403  410 CRUISE 2 176  16  64   2  424 |  28.50   33   5  8 0 1  0  0 |  8.858e+13  9.962e+14  3.134e+15     0 surge
 280  1          0    0  412 CRUISE 2 176  16  64   2  424 |  25.50   32   7  7 0 0  0  0 |          0  2.449e+13  3.110e+15     0 dip,quiet
 281  1          0    0  412 CRUISE 2 176  16  64   2  424 |  22.50   32  10  6 0 0  0  0 |          0  2.429e+13  3.085e+15     0 dip,quiet
 282  1          0    0  411 CRUISE 2 176  16  64   2  424 |  19.50   32  13  5 0 0  0  0 |          0  2.411e+13  3.061e+15     0 dip,quiet
 283  1  1.068e+14  373  411 CRUISE 2 176  16  64   2  424 |  21.25   32  11  8 0 0  0  0 |  6.678e+12  9.737e+13  3.064e+15     0 -
 284  1          0    0  411 CRUISE 2 176  16  64   2  424 |  18.25   31  13  7 0 0  0  0 |          0  2.394e+13  3.040e+15     0 dip,quiet
 285  1          0    0  411 DEFEND 2 256   0   0  32  424 |  15.25   31  16  6 0 0  0  3 |          0  3.800e+14  2.660e+15     0 dip,quiet,release
 286  1          0    0  410 DEFEND 2 256   0   0  38  424 |  12.25   31  19  5 0 0  0  2 |          0  3.949e+14  2.265e+15     0 dip,quiet,release
 287  1          0    0  409 DEFEND 2 256   0   0  44  424 |   9.25   31  22  4 0 0  0  1 |          0  3.893e+14  1.876e+15     0 dip,quiet,release
 288  1          0    0  406 DEFEND 2 256   0   0  48  424 |   6.75   30  24  3 0 0  0  0 |          0  3.517e+14  1.524e+15     0 dip,quiet,release
 289  1          0    0  403   REST 2 176  16  64   2  424 |   5.00   30  25  2 0 0  5  0 |          0  1.191e+13  1.512e+15     0 quiet,cooldown
 290  1  8.899e+14  397  403   REST 2 176  16  64   2  424 |  16.50   30  14  8 0 1  4  0 |  5.562e+13  6.236e+14  1.723e+15     0 surge,cooldown
 291  1          0    0  405   REST 2 176  16  64   2  424 |  13.50   30  17  7 0 0  3  0 |          0  1.346e+13  1.710e+15     0 dip,quiet,cooldown
 292  1  7.416e+13  369  405   REST 2 176  16  64   2  424 |  15.75   29  14  8 0 0  2  0 |  4.635e+12  6.434e+13  1.715e+15     0 cooldown
 293  1          0    0  405   REST 2 176  16  64   2  424 |  12.75   29  17  7 0 0  1  0 |          0  1.340e+13  1.701e+15     0 dip,quiet,cooldown
 294  1          0    0  405   REST 2 176  16  64   2  424 |   9.75   29  20  6 0 0  0  0 |          0  1.329e+13  1.688e+15     0 dip,quiet,cooldown
 295  1  2.350e+15  409  404   BANK 2  56   8 192   2  424 |  23.00   29   6  8 0 2  0  0 |  7.343e+13  5.272e+14  3.437e+15     0 surge
 296  1  1.918e+15  406  413   BANK 2  56   8 192   2  424 |  32.25   32   0  8 0 3  0  0 |  5.993e+13  4.464e+14  4.849e+15     0 surge
 297  1          0    0  417   BANK 2 120   8 128   2  424 |  29.25   32   3  7 0 2  0  0 |          0  3.788e+13  4.811e+15     0 dip,quiet
 298  1  2.511e+15  409  417   BANK 2  56   8 192   2  424 |  37.50   37   0  8 0 3  0  0 |  7.848e+13  5.869e+14  6.657e+15     0 surge
 299  1  7.788e+14  396  420   BANK 2 100   8 148   2  424 |  40.50   40   0  8 0 3  0  0 |  2.434e+13  3.562e+14  7.055e+15     0 surge
 300  1  9.593e+13  371  421   BANK 2 120   8 128   2  424 |  37.50   39   2  8 0 2  0  0 |  2.998e+12  1.001e+14  7.048e+15     0 dip
 301  1  1.007e+14  372  421   BANK 2 120   8 128   2  424 |  34.50   39   5  8 0 1  0  0 |  3.146e+12  1.022e+14  7.043e+15     0 dip
 302  1          0    0  421 DEFEND 2 256   0   0  32  424 |  31.50   39   8  7 0 0  0  3 |          0  8.804e+14  6.163e+15     0 dip,quiet,release
 303  1          0    0  419 DEFEND 2 256   0   0  32  424 |  28.50   39  11  6 0 0  0  2 |          0  7.703e+14  5.392e+15     0 dip,quiet,release
 304  1          0    0  418 DEFEND 2 256   0   0  32  424 |  25.50   38  13  5 0 0  0  1 |          0  6.740e+14  4.718e+15     0 dip,quiet,release
 305  1  2.104e+15  407  417   REST 2 176  16  64   2  424 |  34.25   38   4  8 0 1  5  0 |  1.315e+14  1.483e+15  5.207e+15     0 surge,cooldown
 306  1  1.211e+16  427  418   REST 2 176  16  64   2  424 |  45.75   45   0  8 0 3  4  0 |  7.569e+14  8.366e+15  8.194e+15     0 surge,cooldown
 307  1  1.883e+15  406  423   REST 2 176  16  64   2  424 |  49.25   49   0  8 0 3  3  0 |  1.177e+14  1.359e+15  8.601e+15     0 surge,cooldown
 308  1  5.342e+14  392  424   REST 2 176  16  64   2  424 |  48.25   48   0  8 0 2  2  0 |  3.339e+13  4.345e+14  8.667e+15     0 cooldown
 309  1          0    0  424   REST 2 176  16  64   2  424 |  45.25   48   3  7 0 1  1  0 |          0  6.771e+13  8.600e+15     0 dip,quiet,cooldown
 310  1  8.684e+14  397  424   REST 2 176  16  64   2  424 |  46.50   48   2  8 0 0  0  0 |  5.427e+13  6.642e+14  8.750e+15     0 cooldown
 311  1  1.657e+15  404  424 CRUISE 2 176  16  64   2  424 |  49.25   49   0  8 0 1  0  0 |  1.035e+14  1.207e+15  9.095e+15     0 surge
 312  1  4.317e+15  416  425   BANK 2  68   8 180   2  424 |  54.25   54   0  8 0 2  0  0 |  1.349e+14  1.218e+15  1.206e+16     0 surge
 313  1  1.327e+14  376  427   BANK 2 120   8 128   2  424 |  51.25   54   3  8 0 1  0  0 |  4.148e+12  1.564e+14  1.203e+16     0 dip
 314  1          0    0  427 DEFEND 2 256   0   0  32  424 |  48.25   54   6  7 0 0  0  3 |          0  1.504e+15  1.053e+16     0 dip,quiet,release
 315  1          0    0  426 DEFEND 2 256   0   0  32  424 |  45.25   54   9  6 0 0  0  2 |          0  1.316e+15  9.212e+15     0 dip,quiet,release
 316  1          0    0  425 DEFEND 2 256   0   0  32  424 |  42.25   53  11  5 0 0  0  1 |          0  1.152e+15  8.061e+15     0 dip,quiet,release
 317  1          0    0  423 DEFEND 2 256   0   0  32  424 |  39.25   53  14  4 0 0  0  0 |          0  1.008e+15  7.053e+15     0 dip,quiet,release
 318  1          0    0  421   REST 2 176  16  64   2  424 |  36.25   53  17  3 0 0  5  0 |          0  5.510e+13  6.998e+15     0 dip,quiet,cooldown
 319  1  1.765e+14  379  421   REST 2 176  16  64   2  424 |  35.25   53  18  8 0 0  4  0 |  1.103e+13  1.760e+14  6.987e+15     0 cooldown
 320  1  1.655e+15  404  421   REST 2 176  16  64   2  424 |  40.75   52  12  8 0 0  3  0 |  1.034e+14  1.192e+15  7.347e+15     0 cooldown
 321  1  1.214e+13  348  422   REST 2 176  16  64   2  424 |  37.75   52  15  8 0 0  2  0 |  7.586e+11  6.574e+13  7.292e+15     0 dip,cooldown
 322  1  1.315e+15  402  421   REST 2 176  16  64   2  424 |  42.25   52  10  8 0 0  1  0 |  8.217e+13  9.608e+14  7.564e+15     0 cooldown
 323  1          0    0  422   REST 2 176  16  64   2  424 |  39.25   52  13  7 0 0  0  0 |          0  5.909e+13  7.505e+15     0 dip,quiet,cooldown
 324  1          0    0  422 CRUISE 2 176  16  64   2  424 |  36.25   51  15  6 0 0  0  0 |          0  5.863e+13  7.446e+15     0 dip,quiet
 325  1  2.546e+14  383  422 CRUISE 2 176  16  64   2  424 |  36.25   51  15  8 0 0  0  0 |  1.591e+13  2.332e+14  7.452e+15     0 -
 326  1          0    0  422 DEFEND 2 256   0   0  36  424 |  33.25   51  18  7 0 0  0  3 |          0  1.048e+15  6.404e+15     0 dip,quiet,release
 327  1          0    0  420 DEFEND 2 256   0   0  42  424 |  30.25   51  21  6 0 0  0  2 |          0  1.051e+15  5.353e+15     0 dip,quiet,release
 328  1  1.982e+14  380  418 DEFEND 2 256   0   0  38  424 |  31.00   50  19  8 0 0  0  1 |          0  9.928e+14  4.559e+15     0 release
 329  1  6.168e+14  393  417 DEFEND 2 256   0   0  32  424 |  35.00   50  15  8 0 0  0  0 |          0  1.187e+15  3.989e+15     0 release
 330  1          0    0  415   REST 2 176  16  64   2  424 |  32.00   50  18  7 0 0  5  0 |          0  3.116e+13  3.958e+15     0 dip,quiet,cooldown
 331  1  2.437e+14  382  415   REST 2 176  16  64   2  424 |  33.00   50  17  8 0 0  4  0 |  1.523e+13  1.985e+14  3.988e+15     0 cooldown
 332  1  5.454e+14  392  415   REST 2 176  16  64   2  424 |  36.25   49  13  8 0 0  3  0 |  3.409e+13  4.061e+14  4.093e+15     0 cooldown
 333  1          0    0  415   REST 2 176  16  64   2  424 |  33.25   49  16  7 0 0  2  0 |          0  3.197e+13  4.061e+15     0 dip,quiet,cooldown
 334  1          0    0  415   REST 2 176  16  64   2  424 |  30.25   49  19  6 0 0  1  0 |          0  3.172e+13  4.029e+15     0 dip,quiet,cooldown
 335  1          0    0  415   REST 2 176  16  64   2  424 |  27.25   49  22  5 0 0  0  0 |          0  3.148e+13  3.998e+15     0 dip,quiet,cooldown
 336  1          0    0  415 DEFEND 2 256   0   0  48  424 |  24.25   48  24  4 0 0  0  3 |          0  7.495e+14  3.248e+15     0 dip,quiet,release
 337  1          0    0  412 DEFEND 2 256   0   0  54  424 |  21.25   48  27  3 0 0  0  2 |          0  6.851e+14  2.563e+15     0 dip,quiet,release
 338  1  1.764e+14  379  410 DEFEND 2 256   0   0  48  424 |  24.00   48  24  8 0 0  0  1 |          0  6.570e+14  2.082e+15     0 release
 339  1  1.018e+14  372  407 DEFEND 2 256   0   0  48  424 |  24.50   48  24  8 0 0  0  0 |          0  4.923e+14  1.692e+15     0 release
 340  1          0    0  405   REST 2 176  16  64   2  424 |  21.50   47  26  7 0 0  5  0 |          0  1.322e+13  1.679e+15     0 dip,quiet,cooldown
 341  1          0    0  404   REST 2 176  16  64   2  424 |  18.50   47  29  6 0 0  4  0 |          0  1.311e+13  1.666e+15     0 dip,quiet,cooldown
 342  1          0    0  404   REST 2 176  16  64   2  424 |  15.50   47  32  5 0 0  3  0 |          0  1.301e+13  1.653e+15     0 dip,quiet,cooldown
 343  1          0    0  404   REST 2 176  16  64   2  424 |  12.50   47  35  4 0 0  2  0 |          0  1.291e+13  1.640e+15     0 dip,quiet,cooldown
 344  1          0    0  404   REST 2 176  16  64   2  424 |   9.50   46  37  3 0 0  1  0 |          0  1.281e+13  1.627e+15     0 dip,quiet,cooldown
 345  1          0    0  404   REST 2 176  16  64   2  424 |   7.00   46  39  2 0 0  0  0 |          0  1.271e+13  1.614e+15     0 dip,quiet,cooldown
 346  1          0    0  404 DEFEND 2 256   0   0  64  424 |   5.25   46  41  1 0 0  0  3 |          0  4.035e+14  1.211e+15     0 quiet,release
 347  1          0    0  401 DEFEND 2 256   0   0  64  424 |   3.75   46  43  0 0 0  0  2 |          0  3.027e+14  9.080e+14     0 quiet,release
 348  1  1.157e+15  401  397 DEFEND 2 256   0   0  32  424 |  55.00   55   0  8 3 0  0  1 |          0  1.270e+15  7.945e+14     0 release,warm
 349  1  1.648e+15  404  396 DEFEND 2 256   0   0  32  424 |  58.00   58   0  8 2 0  0  0 |          0  1.747e+15  6.952e+14     0 release,warm
 350  1          0    0  394   REST 2 176  16  64   2  424 |  55.00   58   3  7 1 0  5  0 |          0  5.431e+12  6.897e+14     0 dip,quiet,cooldown,warm
 351  1  6.390e+13  367  394   REST 2 176  16  64   2  424 |  52.00   58   6  8 0 0  4  0 |  3.994e+12  4.932e+13  7.003e+14     0 dip,cooldown,warm
 352  1          0    0  394   REST 2 176  16  64   2  424 |  49.00   57   8  7 0 0  3  0 |          0  5.471e+12  6.948e+14     0 dip,quiet,cooldown
 353  1          0    0  394   REST 2 176  16  64   2  424 |  46.00   57  11  6 0 0  2  0 |          0  5.428e+12  6.894e+14     0 dip,quiet,cooldown
 354  1          0    0  394   REST 2 176  16  64   2  424 |  43.00   57  14  5 0 0  1  0 |          0  5.386e+12  6.840e+14     0 dip,quiet,cooldown
 355  1  1.047e+15  399  394   REST 2 176  16  64   2  424 |  45.50   57  12  8 0 0  0  0 |  6.546e+13  7.254e+14  9.405e+14     0 cooldown
 356  1  1.705e+15  405  398 CRUISE 2 176  16  64   2  424 |  48.75   56   8  8 0 0  0  0 |  1.066e+14  1.180e+15  1.359e+15     0 -
 357  1          0    0  402 CRUISE 2 176  16  64   2  424 |  45.75   56  11  7 0 0  0  0 |          0  1.062e+13  1.349e+15     0 dip,quiet
 358  1  1.191e+15  401  402 CRUISE 2 176  16  64   2  424 |  48.00   56   8  8 0 0  0  0 |  7.444e+13  8.293e+14  1.636e+15     0 -
 359  1          0    0  404 CRUISE 2 176  16  64   2  424 |  45.00   56  11  7 0 0  0  0 |          0  1.278e+13  1.623e+15     0 dip,quiet
 360  1  3.899e+13  361  404 CRUISE 2 176  16  64   2  424 |  42.00   55  13  8 0 0  0  0 |  2.437e+12  3.949e+13  1.620e+15     0 dip
 361  1  1.416e+14  377  404 DEFEND 2 256   0   0  32  424 |  39.25   55  16  8 0 0  0  3 |          0  3.441e+14  1.418e+15     0 dip,release
 362  1          0    0  403 DEFEND 2 256   0   0  38  424 |  36.25   55  19  7 0 0  0  2 |          0  2.105e+14  1.207e+15     0 dip,quiet,release
 363  1          0    0  401 DEFEND 2 256   0   0  44  424 |  33.25   55  22  6 0 0  0  1 |          0  2.075e+14  9.998e+14     0 dip,quiet,release
 364  1          0    0  399 DEFEND 2 256   0   0  48  424 |  30.25   54  24  5 0 0  0  0 |          0  1.875e+14  8.124e+14     0 dip,quiet,release
 365  1  1.533e+15  403  396   REST 2 176  16  64   2  424 |  36.75   54  18  8 0 0  5  0 |  9.583e+13  1.060e+15  1.189e+15     0 cooldown
 366  1          0    0  401   REST 2 176  16  64   2  424 |  33.75   54  21  7 0 0  4  0 |          0  9.292e+12  1.180e+15     0 dip,quiet,cooldown
 367  1  5.954e+14  393  401   REST 2 176  16  64   2  424 |  37.00   54  17  8 0 0  3  0 |  3.721e+13  4.186e+14  1.320e+15     0 cooldown
 368  1          0    0  402   REST 2 176  16  64   2  424 |  34.00   53  19  7 0 0  2  0 |          0  1.031e+13  1.309e+15     0 dip,quiet,cooldown
 369  1  1.383e+15  402  402   REST 2 176  16  64   2  424 |  39.50   53  14  8 0 0  1  0 |  8.642e+13  9.609e+14  1.645e+15     0 cooldown
 370  1          0    0  404   REST 2 176  16  64   2  424 |  36.50   53  17  7 0 0  0  0 |          0  1.285e+13  1.632e+15     0 dip,quiet,cooldown
 371  1          0    0  404 DEFEND 2 256   0   0  40  424 |  33.50   53  20  6 0 0  0  3 |          0  2.550e+14  1.377e+15     0 dip,quiet,release
 372  1          0    0  402 DEFEND 2 256   0   0  44  424 |  30.50   52  22  5 0 0  0  2 |          0  2.367e+14  1.140e+15     0 dip,quiet,release
 373  1          0    0  401 DEFEND 2 256   0   0  50  424 |  27.50   52  25  4 0 0  0  1 |          0  2.227e+14  9.176e+14     0 dip,quiet,release
 374  1  3.277e+14  386  398 DEFEND 2 256   0   0  44  424 |  30.50   52  22  8 0 0  0  0 |          0  4.854e+14  7.599e+14     0 release
 375  1  6.933e+14  394  395   REST 2 176  16  64   2  424 |  34.75   52  18  8 0 0  5  0 |  4.333e+13  4.826e+14  9.273e+14     0 cooldown
 376  1          0    0  398   REST 2 176  16  64   2  424 |  31.75   51  20  7 0 0  4  0 |          0  7.244e+12  9.200e+14     0 dip,quiet,cooldown
 377  1  8.693e+14  397  398   REST 2 176  16  64   2  424 |  36.50   51  15  8 0 0  3  0 |  5.433e+13  6.048e+14  1.130e+15     0 cooldown
 378  1          0    0  401   REST 2 176  16  64   2  424 |  33.50   51  18  7 0 0  2  0 |          0  8.830e+12  1.121e+15     0 dip,quiet,cooldown
 379  1          0    0  400   REST 2 176  16  64   2  424 |  30.50   51  21  6 0 0  1  0 |          0  8.761e+12  1.113e+15     0 dip,quiet,cooldown
 380  1  2.075e+15  407  400   REST 2 176  16  64   2  424 |  38.00   50  12  8 0 1  0  0 |  1.297e+14  1.435e+15  1.623e+15     0 surge,cooldown
 381  1          0    0  404 CRUISE 2 176  16  64   2  424 |  35.00   50  15  7 0 0  0  0 |          0  1.268e+13  1.610e+15     0 dip,quiet
 382  1          0    0  404 DEFEND 2 256   0   0  36  424 |  32.00   50  18  6 0 0  0  3 |          0  2.264e+14  1.384e+15     0 dip,quiet,release
 383  1          0    0  402 DEFEND 2 256   0   0  42  424 |  29.00   50  21  5 0 0  0  2 |          0  2.270e+14  1.157e+15     0 dip,quiet,release
 384  1  5.257e+14  391  401 DEFEND 2 256   0   0  32  424 |  33.00   49  16  8 0 0  0  1 |          0  6.703e+14  1.012e+15     0 release
 385  1  1.268e+14  375  399 DEFEND 2 256   0   0  34  424 |  32.00   49  17  8 0 0  0  0 |          0  2.612e+14  8.776e+14     0 release
 386  1          0    0  397   REST 2 176  16  64   2  424 |  29.00   49  20  7 0 0  5  0 |          0  6.856e+12  8.707e+14     0 dip,quiet,cooldown
 387  1  2.834e+13  357  397   REST 2 176  16  64   2  424 |  26.00   49  23  8 0 0  4  0 |  1.771e+12  2.628e+13  8.710e+14     0 dip,cooldown
 388  1  3.797e+13  361  397   REST 2 176  16  64   2  424 |  23.25   48  25  8 0 0  3  0 |  2.373e+12  3.291e+13  8.737e+14     0 dip,cooldown
 389  1          0    0  397   REST 2 176  16  64   2  424 |  20.25   48  28  7 0 0  2  0 |          0  6.826e+12  8.669e+14     0 dip,quiet,cooldown
 390  1          0    0  397   REST 2 176  16  64   2  424 |  17.25   48  31  6 0 0  1  0 |          0  6.772e+12  8.601e+14     0 dip,quiet,cooldown
 391  1  1.161e+15  401  397   REST 2 176  16  64   2  424 |  26.50   48  22  8 0 0  0  0 |  7.255e+13  8.048e+14  1.144e+15     0 cooldown
 392  1  1.959e+14  380  401 DEFEND 2 256   0   0  38  424 |  28.25   47  19  8 0 0  0  3 |          0  3.657e+14  9.738e+14     0 release
 393  1          0    0  398 DEFEND 2 256   0   0  44  424 |  25.25   47  22  7 0 0  0  2 |          0  1.674e+14  8.065e+14     0 dip,quiet,release
 394  1  2.509e+14  383  396 DEFEND 2 256   0   0  38  424 |  28.00   47  19  8 0 0  0  1 |          0  3.706e+14  6.867e+14     0 release
 395  1          0    0  394 DEFEND 2 256   0   0  44  424 |  25.00   47  22  7 0 0  0  0 |          0  1.180e+14  5.687e+14     0 dip,quiet,release
 396  1          0    0  393   REST 2 176  16  64   2  424 |  22.00   46  24  6 0 0  5  0 |          0  4.443e+12  5.643e+14     0 dip,quiet,cooldown
 397  1          0    0  393   REST 2 176  16  64   2  424 |  19.00   46  27  5 0 0  4  0 |          0  4.408e+12  5.599e+14     0 dip,quiet,cooldown
 398  1  1.404e+14  376  392   REST 2 176  16  64   2  424 |  21.75   46  25  8 0 0  3  0 |  8.774e+12  1.009e+14  5.906e+14     0 cooldown
 399  1          0    0  393   REST 2 176  16  64   2  424 |  18.75   46  28  7 0 0  2  0 |          0  4.614e+12  5.860e+14     0 dip,quiet,cooldown
 400  1  3.611e+14  387  393   REST 2 176  16  64   2  424 |  24.25   45  21  8 0 0  1  0 |  2.257e+13  2.528e+14  6.717e+14     0 cooldown
 401  1  5.825e+13  366  394   REST 2 176  16  64   2  424 |  23.00   45  22  8 0 0  0  0 |  3.641e+12  4.530e+13  6.810e+14     0 cooldown
 402  1          0    0  394 DEFEND 2 256   0   0  50  424 |  20.00   45  25  7 0 0  0  3 |          0  1.330e+14  5.480e+14     0 dip,quiet,release
 403  1          0    0  392 DEFEND 2 256   0   0  56  424 |  17.00   45  28  6 0 0  0  2 |          0  1.199e+14  4.281e+14     0 dip,quiet,release
 404  1  4.509e+14  389  389 DEFEND 2 256   0   0  42  424 |  23.50   44  21  8 0 0  0  1 |          0  5.211e+14  3.579e+14     0 release
 405  1  8.125e+13  370  387   REST 2 176  16  64   2  424 |  23.50   44  21  8 0 0  5  0 |  5.078e+12  5.865e+13  3.754e+14     0 cooldown
 406  1          0    0  387   REST 2 176  16  64   2  424 |  20.50   44  24  7 0 0  4  0 |          0  2.933e+12  3.725e+14     0 dip,quiet,cooldown
 407  1          0    0  387   REST 2 176  16  64   2  424 |  17.50   44  27  6 0 0  3  0 |          0  2.910e+12  3.695e+14     0 dip,quiet,cooldown
 408  1  3.853e+14  387  387   REST 2 176  16  64   2  424 |  23.25   43  20  8 0 0  2  0 |  2.408e+13  2.678e+14  4.630e+14     0 cooldown
 409  1          0    0  390   REST 2 176  16  64   2  424 |  20.25   43  23  7 0 0  1  0 |          0  3.617e+12  4.594e+14     0 dip,quiet,cooldown
 410  1  3.755e+14  387  390   REST 2 176  16  64   2  424 |  25.25   43  18  8 0 0  0  0 |  2.347e+13  2.618e+14  5.497e+14     0 cooldown
 411  1          0    0  392 DEFEND 2 256   0   0  42  424 |  22.25   43  21  7 0 0  0  3 |          0  9.018e+13  4.595e+14     0 dip,quiet,release
 412  1          0    0  390 DEFEND 2 256   0   0  46  424 |  19.25   42  23  6 0 0  0  2 |          0  8.256e+13  3.769e+14     0 dip,quiet,release
 413  1          0    0  387   REST 2 176  16  64   2  424 |  16.25   42  26  5 0 0  5  0 |          0  2.945e+12  3.740e+14     0 dip,quiet,cooldown
 414  1          0    0  387   REST 2 176  16  64   2  424 |  13.25   42  29  4 0 0  4  0 |          0  2.922e+12  3.711e+14     0 dip,quiet,cooldown
 415  1  6.593e+15  420  387   REST 2 176  16  64   2  424 |  28.25   42  14  8 0 2  3  0 |  4.121e+14  4.536e+15  2.016e+15     0 surge,cooldown
 416  1  1.011e+15  399  407   REST 2 176  16  64   2  424 |  34.25   41   7  8 0 3  2  0 |  6.320e+13  7.110e+14  2.254e+15     0 surge,cooldown
 417  1          0    0  409   REST 2 176  16  64   2  424 |  31.25   41  10  7 0 2  1  0 |          0  1.761e+13  2.236e+15     0 dip,quiet,cooldown
 418  1          0    0  408   REST 2 176  16  64   2  424 |  28.25   41  13  6 0 1  0  0 |          0  1.747e+13  2.218e+15     0 dip,quiet,cooldown
 419  1          0    0  408 DEFEND 2 256   0   0  32  424 |  25.25   41  16  5 0 0  0  3 |          0  2.773e+14  1.941e+15     0 dip,quiet,release
 420  1          0    0  406 DEFEND 2 256   0   0  36  424 |  22.25   40  18  4 0 0  0  2 |          0  2.730e+14  1.668e+15     0 dip,quiet,release
 421  1  3.303e+13  360  404 DEFEND 2 256   0   0  40  424 |  20.00   40  20  8 0 0  0  1 |          0  2.937e+14  1.408e+15     0 dip,release
 422  1          0    0  403 DEFEND 2 256   0   0  46  424 |  17.00   40  23  7 0 0  0  0 |          0  2.529e+14  1.155e+15     0 dip,quiet,release
 423  1  1.652e+14  378  401   REST 2 176  16  64   2  424 |  20.75   40  20  8 0 0  5  0 |  1.033e+13  1.226e+14  1.187e+15     0 cooldown
 424  1  5.997e+14  393  401   REST 2 176  16  64   2  424 |  27.25   39  12  8 0 0  4  0 |  3.748e+13  4.216e+14  1.328e+15     0 cooldown
 425  1          0    0  402   REST 2 176  16  64   2  424 |  24.25   39  15  7 0 0  3  0 |          0  1.037e+13  1.317e+15     0 dip,quiet,cooldown
 426  1          0    0  402   REST 2 176  16  64   2  424 |  21.25   39  18  6 0 0  2  0 |          0  1.029e+13  1.307e+15     0 dip,quiet,cooldown
 427  1          0    0  402   REST 2 176  16  64   2  424 |  18.25   39  21  5 0 0  1  0 |          0  1.021e+13  1.297e+15     0 dip,quiet,cooldown
 428  1          0    0  402   REST 2 176  16  64   2  424 |  15.25   38  23  4 0 0  0  0 |          0  1.013e+13  1.287e+15     0 dip,quiet,cooldown
 429  1          0    0  402 DEFEND 2 256   0   0  52  424 |  12.25   38  26  3 0 0  0  3 |          0  2.613e+14  1.025e+15     0 dip,quiet,release
 430  1          0    0  399 DEFEND 2 256   0   0  58  424 |   9.25   38  29  2 0 0  0  2 |          0  2.323e+14  7.929e+14     0 dip,quiet,release
 431  1  8.526e+15  424  396   REST 2 176  16  64   2  424 |  26.25   38  12  8 0 2  5  0 |  5.329e+14  5.868e+15  2.918e+15     0 surge,cooldown
 432  1  6.759e+13  368  411   REST 2 176  16  64   2  424 |  25.00   37  12  8 0 1  4  0 |  4.225e+12  6.927e+13  2.912e+15     0 cooldown
 433  1  3.523e+14  387  411   REST 2 176  16  64   2  424 |  29.00   37   8  8 0 0  3  0 |  2.202e+13  2.650e+14  2.978e+15     0 cooldown
 434  1          0    0  411   REST 2 176  16  64   2  424 |  26.00   37  11  7 0 0  2  0 |          0  2.326e+13  2.954e+15     0 dip,quiet,cooldown
 435  1  7.797e+13  369  411   REST 2 176  16  64   2  424 |  25.25   37  12  8 0 0  1  0 |  4.873e+12  7.669e+13  2.951e+15     0 cooldown
 436  1          0    0  411   REST 2 176  16  64   2  424 |  22.25   36  14  7 0 0  0  0 |          0  2.305e+13  2.928e+15     0 dip,quiet,cooldown
 437  1  2.138e+15  408  411 CRUISE 2 176  16  64   2  424 |  32.00   36   4  8 0 1  0  0 |  1.336e+14  1.493e+15  3.439e+15     0 surge
 438  1  7.134e+14  395  413   BANK 2 100   8 148   2  424 |  36.25   36   0  8 0 2  0  0 |  2.229e+13  3.055e+14  3.825e+15     0 surge
 439  1          0    0  414   BANK 2 120   8 128   2  424 |  33.25   36   3  7 0 1  0  0 |          0  2.988e+13  3.795e+15     0 dip,quiet
 440  1  5.054e+14  391  414   BANK 2 116   8 132   2  424 |  36.00   36   0  8 0 2  0  0 |  1.579e+13  2.587e+14  4.026e+15     0 surge
 441  1          0    0  415   BANK 2 120   8 128   2  424 |  33.00   36   3  7 0 1  0  0 |          0  3.145e+13  3.995e+15     0 dip,quiet
 442  1  1.611e+14  378  415 CRUISE 2 176  16  64   2  424 |  32.75   36   4  8 0 0  0  0 |  1.007e+13  1.419e+14  4.004e+15     0 -
 443  1          0    0  415 CRUISE 2 176  16  64   2  424 |  29.75   36   7  7 0 0  0  0 |          0  3.128e+13  3.972e+15     0 dip,quiet
 444  1  1.253e+13  348  415 CRUISE 2 176  16  64   2  424 |  26.75   35   9  8 0 0  0  0 |  7.830e+11  3.965e+13  3.944e+15     0 dip
 445  1  7.243e+14  395  415 CRUISE 2 176  16  64   2  424 |  32.25   35   3  8 0 1  0  0 |  4.527e+13  5.287e+14  4.095e+15     0 surge
 446  1  2.231e+14  381  415 CRUISE 2 176  16  64   2  424 |  32.75   35   3  8 0 0  0  0 |  1.395e+13  1.854e+14  4.118e+15     0 -
 447  1  5.242e+14  391  415 CRUISE 2 176  16  64   2  424 |  35.75   35   0  8 0 1  0  0 |  3.276e+13  3.925e+14  4.217e+15     0 surge
 448  1          0    0  415 CRUISE 2 176  16  64   2  424 |  32.75   34   2  7 0 0  0  0 |          0  3.295e+13  4.184e+15     0 dip,quiet
 449  1  3.395e+14  386  415 CRUISE 2 176  16  64   2  424 |  34.50   34   0  8 0 0  0  0 |  2.122e+13  2.661e+14  4.237e+15     0 -
 450  1          0    0  416 CRUISE 2 176  16  64   2  424 |  31.50   34   3  7 0 0  0  0 |          0  3.310e+13  4.203e+15     0 dip,quiet
 451  1  1.153e+14  374  415 CRUISE 2 176  16  64   2  424 |  30.50   34   4  8 0 0  0  0 |  7.209e+12  1.121e+14  4.199e+15     0 -
 452  1          0    0  415 CRUISE 2 176  16  64   2  424 |  27.50   33   6  7 0 0  0  0 |          0  3.281e+13  4.167e+15     0 dip,quiet
 453  1          0    0  415 CRUISE 2 176  16  64   2  424 |  24.50   33   9  6 0 0  0  0 |          0  3.255e+13  4.134e+15     0 dip,quiet
 454  1          0    0  415 CRUISE 2 176  16  64   2  424 |  21.50   33  12  5 0 0  0  0 |          0  3.230e+13  4.102e+15     0 dip,quiet
 455  1          0    0  415 CRUISE 2 176  16  64   2  424 |  18.50   33  15  4 0 0  0  0 |          0  3.205e+13  4.070e+15     0 dip,quiet
 456  1  2.694e+14  384  415 CRUISE 2 176  16  64   2  424 |  23.25   32   9  8 0 0  0  0 |  1.684e+13  2.170e+14  4.105e+15     0 -
 457  1          0    0  415 CRUISE 2 176  16  64   2  424 |  20.25   32  12  7 0 0  0  0 |          0  3.207e+13  4.073e+15     0 dip,quiet
 458  1  5.541e+15  418  415   BANK 2  56   8 192   2  424 |  33.00   33   0  8 0 2  0  0 |  1.732e+14  1.244e+15  8.197e+15     0 surge
 459  1          0    0  423   BANK 2 120   8 128   2  424 |  30.00   33   3  7 0 1  0  0 |          0  6.404e+13  8.133e+15     0 dip,quiet
 460  1  1.216e+15  401  423   BANK 2  64   8 184   2  424 |  36.25   36   0  8 0 2  0  0 |  3.800e+13  3.676e+14  8.944e+15     0 surge
 461  1  8.251e+14  396  424   BANK 2  96   8 152   2  424 |  39.50   39   0  8 0 3  0  0 |  2.578e+13  3.793e+14  9.364e+15     0 surge
 462  1          0    0  425   BANK 2 120   8 128   2  424 |  36.50   39   3  7 0 2  0  0 |          0  7.315e+13  9.291e+15     0 dip,quiet
 463  1  5.762e+14  393  425   BANK 2 120   8 128   2  424 |  39.00   39   0  8 0 3  0  0 |  1.801e+13  3.427e+14  9.506e+15     0 surge
 464  1  1.193e+15  401  425   BANK 2  88   8 160   2  424 |  43.00   43   0  8 0 3  0  0 |  3.728e+13  4.843e+14  1.018e+16     0 surge
 465  1          0    0  426   BANK 2 120   8 128   2  424 |  40.00   43   3  7 0 2  0  0 |          0  7.951e+13  1.010e+16     0 dip,quiet
 466  1          0    0  425   BANK 2 120   8 128   2  424 |  37.00   43   6  6 0 1  0  0 |          0  7.889e+13  1.002e+16     0 dip,quiet
 467  1  2.037e+14  380  425 CRUISE 2 176  16  64   2  424 |  36.25   43   7  8 0 0  0  0 |  1.273e+13  2.183e+14  9.992e+15     0 -
 468  1          0    0  425 CRUISE 2 176  16  64   2  424 |  33.25   42   9  7 0 0  0  0 |          0  7.806e+13  9.914e+15     0 dip,quiet
 469  1          0    0  425 CRUISE 2 176  16  64   2  424 |  30.25   42  12  6 0 0  0  0 |          0  7.745e+13  9.836e+15     0 dip,quiet
 470  1  2.107e+14  380  425 CRUISE 2 176  16  64   2  424 |  31.00   42  11  8 0 0  0  0 |  1.317e+13  2.217e+14  9.812e+15     0 -
 471  1          0    0  425 CRUISE 2 176  16  64   2  424 |  28.00   42  14  7 0 0  0  0 |          0  7.666e+13  9.735e+15     0 dip,quiet
 472  1          0    0  425 DEFEND 2 256   0   0  32  424 |  25.00   41  16  6 0 0  0  3 |          0  1.217e+15  8.518e+15     0 dip,quiet,release
 473  1          0    0  424 DEFEND 2 256   0   0  38  424 |  22.00   41  19  5 0 0  0  2 |          0  1.264e+15  7.254e+15     0 dip,quiet,release
 474  1          0    0  421 DEFEND 2 256   0   0  44  424 |  19.00   41  22  4 0 0  0  1 |          0  1.247e+15  6.007e+15     0 dip,quiet,release
 475  1  4.165e+15  415  419   REST 2 176  16  64   2  424 |  31.50   41  10  8 0 1  5  0 |  2.603e+14  2.910e+15  7.001e+15     0 surge,cooldown
 476  1  1.224e+15  401  421   REST 2 176  16  64   2  424 |  37.25   40   3  8 0 2  4  0 |  7.649e+13  8.961e+14  7.253e+15     0 surge,cooldown
 477  1  6.527e+14  394  421   REST 2 176  16  64   2  424 |  39.75   40   1  8 0 3  3  0 |  4.080e+13  5.054e+14  7.359e+15     0 surge,cooldown
 478  1          0    0  422   REST 2 176  16  64   2  424 |  36.75   40   4  7 0 2  2  0 |          0  5.749e+13  7.302e+15     0 dip,quiet,cooldown
 479  1  3.725e+14  387  421   REST 2 176  16  64   2  424 |  37.75   40   3  8 0 1  1  0 |  2.328e+13  3.131e+14  7.338e+15     0 cooldown
 480  1          0    0  422   REST 2 176  16  64   2  424 |  34.75   39   5  7 0 0  0  0 |          0  5.733e+13  7.280e+15     0 dip,quiet,cooldown
 481  1          0    0  421 CRUISE 2 176  16  64   2  424 |  31.75   39   8  6 0 0  0  0 |          0  5.688e+13  7.224e+15     0 dip,quiet
 482  1          0    0  421 CRUISE 2 176  16  64   2  424 |  28.75   39  11  5 0 0  0  0 |          0  5.643e+13  7.167e+15     0 dip,quiet
 483  1  1.430e+13  350  421 CRUISE 2 176  16  64   2  424 |  25.75   39  14  8 0 0  0  0 |  8.940e+11  6.583e+13  7.115e+15     0 dip
 484  1          0    0  421 DEFEND 2 256   0   0  32  424 |  22.75   38  16  7 0 0  0  3 |          0  8.893e+14  6.225e+15     0 dip,quiet,release
 485  1          0    0  420 DEFEND 2 256   0   0  38  424 |  19.75   38  19  6 0 0  0  2 |          0  9.241e+14  5.301e+15     0 dip,quiet,release
 486  1  5.635e+13  365  418 DEFEND 2 256   0   0  38  424 |  19.50   38  19  8 0 0  0  1 |          0  8.433e+14  4.514e+15     0 release
 487  1  3.705e+15  414  417   REST 2 176  16  64   2  424 |  31.50   38   7  8 0 1  5  0 |  2.316e+14  2.582e+15  5.405e+15     0 surge,cooldown
 488  1          0    0  418   REST 2 176  16  64   2  424 |  28.50   37   9  7 0 0  4  0 |          0  4.223e+13  5.363e+15     0 dip,quiet,cooldown
 489  1          0    0  418   REST 2 176  16  64   2  424 |  25.50   37  12  6 0 0  3  0 |          0  4.190e+13  5.321e+15     0 dip,quiet,cooldown
 490  1          0    0  418   REST 2 176  16  64   2  424 |  22.50   37  15  5 0 0  2  0 |          0  4.157e+13  5.280e+15     0 dip,quiet,cooldown
 491  1  2.328e+15  409  418   REST 2 176  16  64   2  424 |  32.50   37   5  8 0 1  1  0 |  1.455e+14  1.642e+15  5.820e+15     0 surge,cooldown
 492  1          0    0  419   REST 2 176  16  64   2  424 |  29.50   36   7  7 0 0  0  0 |          0  4.547e+13  5.775e+15     0 dip,quiet,cooldown
 493  1  3.326e+14  386  419 CRUISE 2 176  16  64   2  424 |  32.00   36   4  8 0 0  0  0 |  2.079e+13  2.738e+14  5.813e+15     0 -
 494  1  7.453e+14  395  419 CRUISE 2 176  16  64   2  424 |  36.25   36   0  8 0 1  0  0 |  4.658e+13  5.578e+14  5.954e+15     0 surge
 495  1  1.899e+15  406  419   BANK 2  56   8 192   2  424 |  42.00   42   0  8 0 2  0  0 |  5.935e+13  4.620e+14  7.332e+15     0 surge
 496  1          0    0  422   BANK 2 120   8 128   2  424 |  39.00   41   2  7 0 1  0  0 |          0  5.728e+13  7.275e+15     0 dip,quiet
 497  1          0    0  421 DEFEND 2 256   0   0  32  424 |  36.00   41   5  6 0 0  0  3 |          0  9.093e+14  6.365e+15     0 dip,quiet,release
 498  1          0    0  420 DEFEND 2 256   0   0  32  424 |  33.00   41   8  5 0 0  0  2 |          0  7.957e+14  5.570e+15     0 dip,quiet,release
 499  1          0    0  418 DEFEND 2 256   0   0  32  424 |  30.00   41  11  4 0 0  0  1 |          0  6.962e+14  4.873e+15     0 dip,quiet,release
 500  1  1.084e+15  400  417   REST 2 176  16  64   2  424 |  36.00   40   4  8 0 1  5  0 |  6.776e+13  7.835e+14  5.106e+15     0 surge,cooldown
 501  1  1.467e+14  377  418   REST 2 176  16  64   2  424 |  34.75   40   6  8 0 0  4  0 |  9.168e+12  1.407e+14  5.103e+15     0 cooldown
 502  1          0    0  418   REST 2 176  16  64   2  424 |  31.75   40   9  7 0 0  3  0 |          0  3.987e+13  5.063e+15     0 dip,quiet,cooldown
 503  1          0    0  417   REST 2 176  16  64   2  424 |  28.75   40  12  6 0 0  2  0 |          0  3.956e+13  5.024e+15     0 dip,quiet,cooldown
 504  1          0    0  417   REST 2 176  16  64   2  424 |  25.75   39  14  5 0 0  1  0 |          0  3.925e+13  4.984e+15     0 dip,quiet,cooldown
 505  1  2.010e+13  354  417   REST 2 176  16  64   2  424 |  22.75   39  17  8 0 0  0  0 |  1.256e+12  5.276e+13  4.951e+15     0 dip,cooldown
 506  1  1.841e+14  379  417 CRUISE 2 176  16  64   2  424 |  25.25   39  14  8 0 0  0  0 |  1.151e+13  1.653e+14  4.958e+15     0 -
 507  1          0    0  417 DEFEND 2 256   0   0  34  424 |  22.25   39  17  7 0 0  0  3 |          0  6.585e+14  4.299e+15     0 dip,quiet,release
 508  1  3.815e+14  387  416 DEFEND 2 256   0   0  32  424 |  26.75   38  12  8 0 0  0  2 |          0  9.190e+14  3.762e+15     0 release
 509  1  3.360e+14  386  414 DEFEND 2 256   0   0  32  424 |  30.00   38   8  8 0 0  0  1 |          0  8.063e+14  3.292e+15     0 release
 510  1          0    0  412 DEFEND 2 256   0   0  32  424 |  27.00   38  11  7 0 0  0  0 |          0  4.115e+14  2.880e+15     0 dip,quiet,release
 511  1          0    0  411   REST 2 176  16  64   2  424 |  24.00   38  14  6 0 0  5  0 |          0  2.250e+13  2.858e+15     0 dip,quiet,cooldown
 512  1          0    0  411   REST 2 176  16  64   2  424 |  21.00   37  16  5 0 0  4  0 |          0  2.233e+13  2.835e+15     0 dip,quiet,cooldown
 513  1  6.268e+14  393  411   REST 2 176  16  64   2  424 |  27.50   37  10  8 0 1  3  0 |  3.917e+13  4.530e+14  2.970e+15     0 surge,cooldown
 514  1  1.815e+15  405  411   REST 2 176  16  64   2  424 |  35.25   37   2  8 0 2  2  0 |  1.135e+14  1.271e+15  3.401e+15     0 surge,cooldown
 515  1  1.422e+15  403  413   REST 2 176  16  64   2  424 |  40.50   40   0  8 0 3  1  0 |  8.887e+13  1.004e+15  3.730e+15     0 surge,cooldown
 516  1  1.827e+15  405  414   REST 2 176  16  64   2  424 |  45.00   45   0  8 0 3  0  0 |  1.142e+14  1.285e+15  4.157e+15     0 surge,cooldown
 517  1          0    0  415 CRUISE 2 176  16  64   2  424 |  42.00   45   3  7 0 2  0  0 |          0  3.248e+13  4.125e+15     0 dip,quiet
 518  1          0    0  415 CRUISE 2 176  16  64   2  424 |  39.00   45   6  6 0 1  0  0 |          0  3.222e+13  4.092e+15     0 dip,quiet
 519  1  1.970e+15  406  415   BANK 2  92   8 156   2  424 |  44.25   45   1  8 0 2  0  0 |  6.156e+13  7.399e+14  5.261e+15     0 surge
 520  1  3.950e+14  388  418   BANK 2 120   8 128   2  424 |  43.50   44   1  8 0 1  0  0 |  1.235e+13  2.263e+14  5.417e+15     0 -
 521  1  6.735e+14  394  418 CRUISE 2 176  16  64   2  424 |  44.50   44   0  8 0 0  0  0 |  4.210e+13  5.054e+14  5.543e+15     0 -
 522  1          0    0  418 CRUISE 2 176  16  64   2  424 |  41.50   44   3  7 0 0  0  0 |          0  4.331e+13  5.500e+15     0 dip,quiet
 523  1          0    0  418 CRUISE 2 176  16  64   2  424 |  38.50   44   6  6 0 0  0  0 |          0  4.297e+13  5.457e+15     0 dip,quiet
 524  1          0    0  418 CRUISE 2 176  16  64   2  424 |  35.50   43   8  5 0 0  0  0 |          0  4.263e+13  5.414e+15     0 dip,quiet
 525  1  3.633e+14  387  418 CRUISE 2 176  16  64   2  424 |  36.75   43   7  8 0 0  0  0 |  2.271e+13  2.921e+14  5.463e+15     0 -
 526  1  1.954e+16  433  418   BANK 2  56   8 192   2  424 |  49.25   49   0  8 0 2  0  0 |  6.106e+14  4.317e+15  2.007e+16     0 surge
 527  1  1.427e+15  403  433   BANK 2 120   8 128   2  424 |  51.00   51   0  8 0 3  0  0 |  4.461e+13  8.260e+14  2.063e+16     0 surge
 528  1          0    0  434   BANK 2 120   8 128   2  424 |  48.00   50   2  7 0 2  0  0 |          0  1.612e+14  2.047e+16     0 dip,quiet
 529  1          0    0  434   BANK 2 120   8 128   2  424 |  45.00   50   5  6 0 1  0  0 |          0  1.599e+14  2.031e+16     0 dip,quiet
 530  1          0    0  434 DEFEND 2 256   0   0  32  424 |  42.00   50   8  5 0 0  0  3 |          0  2.539e+15  1.777e+16     0 dip,quiet,release
 531  1  9.938e+13  372  432 DEFEND 2 256   0   0  32  424 |  39.00   50  11  8 0 0  0  2 |          0  2.321e+15  1.555e+16     0 dip,release
 532  1          0    0  430 DEFEND 2 256   0   0  32  424 |  36.00   49  13  7 0 0  0  1 |          0  1.944e+15  1.361e+16     0 dip,quiet,release
 533  1          0    0  429 DEFEND 2 256   0   0  32  424 |  33.00   49  16  6 0 0  0  0 |          0  1.701e+15  1.191e+16     0 dip,quiet,release
 534  1          0    0  427   REST 2 176  16  64   2  424 |  30.00   49  19  5 0 0  5  0 |          0  9.301e+13  1.181e+16     0 dip,quiet,cooldown
 535  1          0    0  427   REST 2 176  16  64   2  424 |  27.00   49  22  4 0 0  4  0 |          0  9.228e+13  1.172e+16     0 dip,quiet,cooldown
 536  1          0    0  427   REST 2 176  16  64   2  424 |  24.00   48  24  3 0 0  3  0 |          0  9.156e+13  1.163e+16     0 dip,quiet,cooldown
 537  1          0    0  427   REST 2 176  16  64   2  424 |  21.00   48  27  2 0 0  2  0 |          0  9.085e+13  1.154e+16     0 dip,quiet,cooldown
 538  1          0    0  427   REST 2 176  16  64   2  424 |  18.00   48  30  1 0 0  1  0 |          0  9.014e+13  1.145e+16     0 dip,quiet,cooldown
 539  1          0    0  427   REST 2 176  16  64   2  424 |  15.00   48  33  0 0 0  0  0 |          0  8.943e+13  1.136e+16     0 dip,quiet,cooldown
 540  1  2.672e+14  384  427 CRUISE 2 176  16  64   2  424 |  38.00   38   0  8 3 0  0  0 |  1.670e+13  2.724e+14  1.134e+16     0 warm
 541  1          0    0  427 CRUISE 2 176  16  64   2  424 |  35.00   38   3  7 2 0  0  0 |          0  8.856e+13  1.125e+16     0 dip,quiet,warm
 542  1  2.054e+13  354  426 CRUISE 2 176  16  64   2  424 |  32.00   38   6  8 1 0  0  0 |  1.284e+12  1.020e+14  1.116e+16     0 dip,warm
 543  1          0    0  426 CRUISE 2 176  16  64   2  424 |  29.00   38   9  7 0 0  0  0 |          0  8.722e+13  1.108e+16     0 dip,quiet,warm
 544  1  1.252e+15  401  426 CRUISE 2 176  16  64   2  424 |  35.50   37   2  8 0 1  0  0 |  7.827e+13  9.476e+14  1.130e+16     0 surge
 545  1          0    0  427 CRUISE 2 176  16  64   2  424 |  32.50   37   5  7 0 0  0  0 |          0  8.831e+13  1.122e+16     0 dip,quiet
 546  1  6.420e+15  420  426   BANK 2  56   8 192   2  424 |  42.75   42   0  8 0 2  0  0 |  2.006e+14  1.492e+15  1.594e+16     0 surge
 547  1  1.578e+15  404  431   BANK 2  88   8 160   2  424 |  46.50   46   0  8 0 3  0  0 |  4.931e+13  6.670e+14  1.680e+16     0 surge
 548  1  1.732e+15  405  431   BANK 2 100   8 148   2  424 |  49.50   49   0  8 0 3  0  0 |  5.413e+13  8.079e+14  1.767e+16     0 surge
 549  1          0    0  432   BANK 2 120   8 128   2  424 |  46.50   49   3  7 0 2  0  0 |          0  1.381e+14  1.754e+16     0 dip,quiet
 550  1          0    0  432   BANK 2 120   8 128   2  424 |  43.50   49   6  6 0 1  0  0 |          0  1.370e+14  1.740e+16     0 dip,quiet
 551  1          0    0  432 DEFEND 2 256   0   0  32  424 |  40.50   49   9  5 0 0  0  3 |          0  2.175e+15  1.522e+16     0 dip,quiet,release
 552  1  1.261e+14  375  430 DEFEND 2 256   0   0  32  424 |  37.50   48  11  8 0 0  0  2 |          0  2.029e+15  1.332e+16     0 dip,release
 553  1  2.335e+13  355  428 DEFEND 2 256   0   0  32  424 |  34.50   48  14  8 0 0  0  1 |          0  1.689e+15  1.166e+16     0 dip,release
 554  1  9.851e+14  398  427 DEFEND 2 256   0   0  32  424 |  38.75   48  10  8 0 0  0  0 |          0  2.442e+15  1.020e+16     0 release
 555  1  6.852e+14  394  426   REST 2 176  16  64   2  424 |  41.00   48   7  8 0 0  5  0 |  4.283e+13  5.508e+14  1.029e+16     0 cooldown
 556  1          0    0  426   REST 2 176  16  64   2  424 |  38.00   47   9  7 0 0  4  0 |          0  8.040e+13  1.021e+16     0 dip,quiet,cooldown
 557  1  1.534e+14  377  426   REST 2 176  16  64   2  424 |  36.25   47  11  8 0 0  3  0 |  9.588e+12  1.852e+14  1.017e+16     0 cooldown
 558  1  5.229e+15  418  426   REST 2 176  16  64   2  424 |  45.00   47   2  8 0 1  2  0 |  3.268e+14  3.674e+15  1.140e+16     0 surge,cooldown
 559  1          0    0  427   REST 2 176  16  64   2  424 |  42.00   47   5  7 0 0  1  0 |          0  8.904e+13  1.131e+16     0 dip,quiet,cooldown
 560  1          0    0  427   REST 2 176  16  64   2  424 |  39.00   46   7  6 0 0  0  0 |          0  8.834e+13  1.122e+16     0 dip,quiet,cooldown
 561  1  2.703e+14  384  426 CRUISE 2 176  16  64   2  424 |  38.75   46   8  8 0 0  0  0 |  1.689e+13  2.735e+14  1.120e+16     0 -
 562  1          0    0  426 CRUISE 2 176  16  64   2  424 |  35.75   46  11  7 0 0  0  0 |          0  8.750e+13  1.111e+16     0 dip,quiet
 563  1          0    0  426 CRUISE 2 176  16  64   2  424 |  32.75   46  14  6 0 0  0  0 |          0  8.681e+13  1.103e+16     0 dip,quiet
 564  1          0    0  426 DEFEND 2 256   0   0  32  424 |  29.75   45  16  5 0 0  0  3 |          0  1.378e+15  9.647e+15     0 dip,quiet,release
 565  1          0    0  425 DEFEND 2 256   0   0  38  424 |  26.75   45  19  4 0 0  0  2 |          0  1.432e+15  8.215e+15     0 dip,quiet,release
 566  1          0    0  423 DEFEND 2 256   0   0  44  424 |  23.75   45  22  3 0 0  0  1 |          0  1.412e+15  6.803e+15     0 dip,quiet,release
 567  1          0    0  421 DEFEND 2 256   0   0  50  424 |  20.75   45  25  2 0 0  0  0 |          0  1.329e+15  5.474e+15     0 dip,quiet,release
 568  1  1.494e+13  350  418   REST 2 176  16  64   2  424 |  17.75   44  27  8 0 0  5  0 |  9.335e+11  5.304e+13  5.435e+15     0 dip,cooldown
 569  1          0    0  418   REST 2 176  16  64   2  424 |  14.75   44  30  7 0 0  4  0 |          0  4.246e+13  5.393e+15     0 dip,quiet,cooldown
 570  1  2.912e+15  411  418   REST 2 176  16  64   2  424 |  27.25   44  17  8 0 1  3  0 |  1.820e+14  2.044e+15  6.079e+15     0 surge,cooldown
 571  1          0    0  419   REST 2 176  16  64   2  424 |  24.25   44  20  7 0 0  2  0 |          0  4.749e+13  6.031e+15     0 dip,quiet,cooldown
 572  1          0    0  419   REST 2 176  16  64   2  424 |  21.25   43  22  6 0 0  1  0 |          0  4.712e+13  5.984e+15     0 dip,quiet,cooldown
 573  1          0    0  419   REST 2 176  16  64   2  424 |  18.25   43  25  5 0 0  0  0 |          0  4.675e+13  5.937e+15     0 dip,quiet,cooldown
 574  1          0    0  419 DEFEND 2 256   0   0  56  424 |  15.25   43  28  4 0 0  0  3 |          0  1.299e+15  4.638e+15     0 dip,quiet,release
 575  1          0    0  417 DEFEND 2 256   0   0  62  424 |  12.25   43  31  3 0 0  0  2 |          0  1.123e+15  3.515e+15     0 dip,quiet,release
 576  1  5.614e+14  392  413 DEFEND 2 256   0   0  44  424 |  20.50   42  22  8 0 0  0  1 |          0  1.166e+15  2.911e+15     0 release
 577  1          0    0  411 DEFEND 2 256   0   0  50  424 |  17.50   42  25  7 0 0  0  0 |          0  5.685e+14  2.342e+15     0 dip,quiet,release
 578  1          0    0  409   REST 2 176  16  64   2  424 |  14.50   42  28  6 0 0  5  0 |          0  1.830e+13  2.324e+15     0 dip,quiet,cooldown
 579  1  4.852e+14  390  409   REST 2 176  16  64   2  424 |  21.75   42  21  8 0 0  4  0 |  3.032e+13  3.517e+14  2.427e+15     0 cooldown
 580  1          0    0  409   REST 2 176  16  64   2  424 |  18.75   41  23  7 0 0  3  0 |          0  1.896e+13  2.408e+15     0 dip,quiet,cooldown
 581  1          0    0  409   REST 2 176  16  64   2  424 |  15.75   41  26  6 0 0  2  0 |          0  1.881e+13  2.389e+15     0 dip,quiet,cooldown
 582  1          0    0  409   REST 2 176  16  64   2  424 |  12.75   41  29  5 0 0  1  0 |          0  1.867e+13  2.371e+15     0 dip,quiet,cooldown
 583  1          0    0  409   REST 2 176  16  64   2  424 |   9.75   41  32  4 0 0  0  0 |          0  1.852e+13  2.352e+15     0 dip,quiet,cooldown
 584  1          0    0  409 DEFEND 2 256   0   0  64  424 |   7.25   40  33  3 0 0  0  3 |          0  5.881e+14  1.764e+15     0 dip,quiet,release
 585  1          0    0  405 DEFEND 2 256   0   0  64  424 |   5.25   40  35  2 0 0  0  2 |          0  4.411e+14  1.323e+15     0 quiet,release
 586  1          0    0  402 DEFEND 2 256   0   0  64  424 |   3.75   40  37  1 0 0  0  1 |          0  3.308e+14  9.924e+14     0 quiet,release
 587  1  2.859e+13  358  399 DEFEND 2 256   0   0  64  424 |   5.75   40  35  8 0 0  0  0 |          0  2.767e+14  7.443e+14     0 release
 588  1  2.281e+15  409  395   REST 2 176  16  64   2  424 |  20.00   39  19  8 0 1  5  0 |  1.426e+14  1.574e+15  1.309e+15     0 surge,cooldown
 589  1  3.441e+14  386  402   REST 2 176  16  64   2  424 |  25.00   39  14  8 0 0  4  0 |  2.151e+13  2.468e+14  1.385e+15     0 cooldown
 590  1          0    0  402   REST 2 176  16  64   2  424 |  22.00   39  17  7 0 0  3  0 |          0  1.082e+13  1.374e+15     0 dip,quiet,cooldown
 591  1  1.158e+15  401  402   REST 2 176  16  64   2  424 |  30.25   39   9  8 0 1  2  0 |  7.236e+13  8.067e+14  1.652e+15     0 surge,cooldown
 592  1  1.052e+13  346  404   REST 2 176  16  64   2  424 |  27.25   38  11  7 0 0  1  0 |  6.573e+11  2.014e+13  1.642e+15     0 dip,quiet,cooldown
 593  1          0    0  404   REST 2 176  16  64   2  424 |  24.25   38  14  6 0 0  0  0 |          0  1.283e+13  1.629e+15     0 dip,quiet,cooldown
 594  1          0    0  404 DEFEND 2 256   0   0  34  424 |  21.25   38  17  5 0 0  0  3 |          0  2.164e+14  1.413e+15     0 dip,quiet,release
 595  1          0    0  403 DEFEND 2 256   0   0  40  424 |  18.25   38  20  4 0 0  0  2 |          0  2.208e+14  1.192e+15     0 dip,quiet,release
 596  1          0    0  401 DEFEND 2 256   0   0  44  424 |  15.25   37  22  3 0 0  0  1 |          0  2.049e+14  9.873e+14     0 dip,quiet,release
 597  1          0    0  399 DEFEND 2 256   0   0  50  424 |  12.25   37  25  2 0 0  0  0 |          0  1.928e+14  7.944e+14     0 dip,quiet,release
 598  1          0    0  396   REST 2 176  16  64   2  424 |   9.25   37  28  1 0 0  5  0 |          0  6.206e+12  7.882e+14     0 dip,quiet,cooldown
 599  1  7.131e+14  395  396   REST 2 176  16  64   2  424 |  19.00   37  18  8 0 1  4  0 |  4.457e+13  4.964e+14  9.603e+14     0 surge,cooldown
 600  1  8.882e+14  397  398   REST 2 176  16  64   2  424 |  27.00   36   9  8 0 2  3  0 |  5.551e+13  6.181e+14  1.175e+15     0 surge,cooldown
 601  1          0    0  401   REST 2 176  16  64   2  424 |  24.00   36  12  7 0 1  2  0 |          0  9.179e+12  1.166e+15     0 dip,quiet,cooldown
 602  1          0    0  401   REST 2 176  16  64   2  424 |  21.00   36  15  6 0 0  1  0 |          0  9.107e+12  1.157e+15     0 dip,quiet,cooldown
 603  1          0    0  401   REST 2 176  16  64   2  424 |  18.00   36  18  5 0 0  0  0 |          0  9.036e+12  1.148e+15     0 dip,quiet,cooldown
 604  1          0    0  401 DEFEND 2 256   0   0  40  424 |  15.00   35  20  4 0 0  0  3 |          0  1.793e+14  9.683e+14     0 dip,quiet,release
 605  1  1.947e+13  353  398 DEFEND 2 256   0   0  44  424 |  13.00   35  22  8 0 0  0  2 |          0  1.859e+14  8.018e+14     0 dip,release
 606  1          0    0  396 DEFEND 2 256   0   0  50  424 |  10.00   35  25  7 0 0  0  1 |          0  1.566e+14  6.452e+14     0 dip,quiet,release
 607  1          0    0  394 DEFEND 2 256   0   0  56  424 |   7.50   35  28  6 0 0  0  0 |          0  1.411e+14  5.041e+14     0 dip,quiet,release
 608  1  7.755e+13  369  391   REST 2 176  16  64   2  424 |  11.25   34  23  8 0 0  5  0 |  4.847e+12  5.725e+13  5.195e+14     0 cooldown
 609  1          0    0  391   REST 2 176  16  64   2  424 |   8.25   34  26  7 0 0  4  0 |          0  4.059e+12  5.155e+14     0 dip,quiet,cooldown
 610  1          0    0  391   REST 2 176  16  64   2  424 |   6.00   34  28  6 0 0  3  0 |          0  4.027e+12  5.115e+14     0 dip,quiet,cooldown
 611  1  2.613e+14  383  391   REST 2 176  16  64   2  424 |  13.75   34  21  8 0 0  2  0 |  1.633e+13  1.837e+14  5.728e+14     0 cooldown
 612  1  2.159e+15  408  393   REST 2 176  16  64   2  424 |  25.75   33   8  8 0 1  1  0 |  1.350e+14  1.489e+15  1.108e+15     0 surge,cooldown
 613  1          0    0  400   REST 2 176  16  64   2  424 |  22.75   33  11  7 0 0  0  0 |          0  8.657e+12  1.099e+15     0 dip,quiet,cooldown
 614  1          0    0  400 CRUISE 2 176  16  64   2  424 |  19.75   33  14  6 0 0  0  0 |          0  8.590e+12  1.091e+15     0 dip,quiet
 615  1          0    0  400 DEFEND 2 256   0   0  34  424 |  16.75   33  17  5 0 0  0  3 |          0  1.449e+14  9.460e+14     0 dip,quiet,release
 616  1          0    0  398 DEFEND 2 256   0   0  38  424 |  13.75   32  19  4 0 0  0  2 |          0  1.404e+14  8.056e+14     0 dip,quiet,release
 617  1  4.585e+13  363  396 DEFEND 2 256   0   0  36  424 |  14.50   32  18  8 0 0  0  1 |          0  1.591e+14  6.923e+14     0 release
 618  1          0    0  394 DEFEND 2 256   0   0  42  424 |  11.50   32  21  7 0 0  0  0 |          0  1.136e+14  5.787e+14     0 dip,quiet,release
 619  1          0    0  393   REST 2 176  16  64   2  424 |   8.50   32  24  6 0 0  5  0 |          0  4.521e+12  5.742e+14     0 dip,quiet,cooldown
 620  1          0    0  393   REST 2 176  16  64   2  424 |   6.25   31  25  5 0 0  4  0 |          0  4.486e+12  5.697e+14     0 dip,quiet,cooldown
 621  1  3.487e+15  413  393   REST 2 176  16  64   2  424 |  21.25   31  10  8 0 2  3  0 |  2.179e+14  2.401e+15  1.437e+15     0 surge,cooldown
 622  1          0    0  403   REST 2 176  16  64   2  424 |  18.25   31  13  7 0 1  2  0 |          0  1.123e+13  1.426e+15     0 dip,quiet,cooldown
 623  1          0    0  403   REST 2 176  16  64   2  424 |  15.25   31  16  6 0 0  1  0 |          0  1.114e+13  1.415e+15     0 dip,quiet,cooldown
 624  1  7.441e+14  395  403   REST 2 176  16  64   2  424 |  23.50   30   7  8 0 1  0  0 |  4.651e+13  5.226e+14  1.590e+15     0 surge,cooldown
 625  1  7.520e+15  422  404   BANK 2  56   8 192   2  424 |  36.50   36   0  8 0 3  0  0 |  2.350e+14  1.657e+15  7.217e+15     0 surge
 626  1  4.576e+14  390  421   BANK 2 120   8 128   2  424 |  38.25   38   0  8 0 3  0  0 |  1.430e+13  2.709e+14  7.389e+15     0 surge
 627  1          0    0  422   BANK 2 120   8 128   2  424 |  35.25   38   3  7 0 2  0  0 |          0  5.773e+13  7.331e+15     0 dip,quiet
 628  1          0    0  422   BANK 2 120   8 128   2  424 |  32.25   37   5  6 0 1  0  0 |          0  5.728e+13  7.274e+15     0 dip,quiet
 629  1          0    0  421 DEFEND 2 256   0   0  32  424 |  29.25   37   8  5 0 0  0  3 |          0  9.093e+14  6.365e+15     0 dip,quiet,release
 630  1          0    0  420 DEFEND 2 256   0   0  32  424 |  26.25   37  11  4 0 0  0  2 |          0  7.956e+14  5.569e+15     0 dip,quiet,release
 631  1  2.360e+14  382  418 DEFEND 2 256   0   0  32  424 |  28.50   37   9  8 0 0  0  1 |          0  9.322e+14  4.873e+15     0 release
 632  1          0    0  417 DEFEND 2 256   0   0  32  424 |  25.50   36  11  7 0 0  0  0 |          0  6.091e+14  4.264e+15     0 dip,quiet,release
 633  1  3.040e+14  385  416   REST 2 176  16  64   2  424 |  28.75   36   8  8 0 0  5  0 |  1.900e+13  2.423e+14  4.307e+15     0 cooldown
 634  1  5.848e+13  366  416   REST 2 176  16  64   2  424 |  26.50   36  10  8 0 0  4  0 |  3.655e+12  7.385e+13  4.288e+15     0 dip,cooldown
 635  1  4.551e+14  389  416   REST 2 176  16  64   2  424 |  30.50   36   6  8 0 0  3  0 |  2.845e+13  3.464e+14  4.368e+15     0 cooldown
 636  1  3.203e+14  386  416   REST 2 176  16  64   2  424 |  32.75   35   3  8 0 0  2  0 |  2.002e+13  2.543e+14  4.414e+15     0 cooldown
 637  1  1.127e+14  373  416   REST 2 176  16  64   2  424 |  31.25   35   4  8 0 0  1  0 |  7.042e+12  1.119e+14  4.408e+15     0 cooldown
 638  1          0    0  416   REST 2 176  16  64   2  424 |  28.25   35   7  7 0 0  0  0 |          0  3.443e+13  4.373e+15     0 dip,quiet,cooldown
 639  1          0    0  416 CRUISE 2 176  16  64   2  424 |  25.25   35  10  6 0 0  0  0 |          0  3.417e+13  4.339e+15     0 dip,quiet
 640  1          0    0  416 CRUISE 2 176  16  64   2  424 |  22.25   34  12  5 0 0  0  0 |          0  3.390e+13  4.305e+15     0 dip,quiet
 641  1          0    0  416 CRUISE 2 176  16  64   2  424 |  19.25   34  15  4 0 0  0  0 |          0  3.363e+13  4.271e+15     0 dip,quiet
 642  1  2.503e+14  383  416 CRUISE 2 176  16  64   2  424 |  23.50   34  11  8 0 0  0  0 |  1.564e+13  2.054e+14  4.301e+15     0 -
 643  1          0    0  416 CRUISE 2 176  16  64   2  424 |  20.50   34  14  7 0 0  0  0 |          0  3.360e+13  4.267e+15     0 dip,quiet
 644  1  1.663e+16  431  416   BANK 2  56   8 192   2  424 |  36.50   36   0  8 0 2  0  0 |  5.196e+14  3.671e+15  1.671e+16     0 surge
 645  1          0    0  431   BANK 2 120   8 128   2  424 |  33.50   36   3  7 0 1  0  0 |          0  1.305e+14  1.657e+16     0 dip,quiet
 646  1          0    0  431 DEFEND 2 256   0   0  32  424 |  30.50   36   6  6 0 0  0  3 |          0  2.072e+15  1.450e+16     0 dip,quiet,release
 647  1  1.383e+14  376  429 DEFEND 2 256   0   0  32  424 |  30.25   36   6  8 0 0  0  2 |          0  1.951e+15  1.269e+16     0 release
 648  1          0    0  428 DEFEND 2 256   0   0  32  424 |  27.25   35   8  7 0 0  0  1 |          0  1.586e+15  1.110e+16     0 dip,quiet,release
 649  1  4.587e+14  390  426   REST 2 176  16  64   2  424 |  31.25   35   4  8 0 1  5  0 |  2.867e+13  4.021e+14  1.113e+16     0 surge,cooldown
 650  1  3.640e+15  413  426   REST 2 176  16  64   2  424 |  40.00   40   0  8 0 3  4  0 |  2.275e+14  2.590e+15  1.195e+16     0 surge,cooldown
 651  1  6.020e+14  393  427   REST 2 176  16  64   2  424 |  41.75   41   0  8 0 2  3  0 |  3.763e+13  5.073e+14  1.201e+16     0 cooldown
 652  1          0    0  427   REST 2 176  16  64   2  424 |  38.75   40   2  7 0 1  2  0 |          0  9.384e+13  1.192e+16     0 dip,quiet,cooldown
 653  1  2.157e+15  408  427   REST 2 176  16  64   2  424 |  44.50   44   0  8 0 2  1  0 |  1.348e+14  1.576e+15  1.236e+16     0 surge,cooldown
 654  1          0    0  427   REST 2 176  16  64   2  424 |  41.50   44   3  7 0 1  0  0 |          0  9.660e+13  1.227e+16     0 dip,quiet,cooldown
 655  1          0    0  427 CRUISE 2 176  16  64   2  424 |  38.50   44   6  6 0 0  0  0 |          0  9.584e+13  1.217e+16     0 dip,quiet
 656  1  1.435e+15  403  427 CRUISE 2 176  16  64   2  424 |  43.00   43   0  8 0 1  0  0 |  8.970e+13  1.082e+15  1.244e+16     0 surge
 657  1          0    0  428 CRUISE 2 176  16  64   2  424 |  40.00   43   3  7 0 0  0  0 |          0  9.715e+13  1.234e+16     0 dip,quiet
 658  1  4.527e+14  389  427 CRUISE 2 176  16  64   2  424 |  40.75   43   3  8 0 0  0  0 |  2.829e+13  4.076e+14  1.236e+16     0 -
 659  1          0    0  427 CRUISE 2 176  16  64   2  424 |  37.75   43   6  7 0 0  0  0 |          0  9.652e+13  1.226e+16     0 dip,quiet
 660  1  1.817e+14  379  427 CRUISE 2 176  16  64   2  424 |  36.50   42   6  8 0 0  0  0 |  1.135e+13  2.207e+14  1.221e+16     0 -
 661  1  3.301e+14  386  427 CRUISE 2 176  16  64   2  424 |  37.25   42   5  8 0 0  0  0 |  2.063e+13  3.223e+14  1.220e+16     0 -
 662  1          0    0  427 CRUISE 2 176  16  64   2  424 |  34.25   42   8  7 0 0  0  0 |          0  9.528e+13  1.210e+16     0 dip,quiet
 663  1          0    0  427 CRUISE 2 176  16  64   2  424 |  31.25   42  11  6 0 0  0  0 |          0  9.453e+13  1.201e+16     0 dip,quiet
 664  1          0    0  427 CRUISE 2 176  16  64   2  424 |  28.25   41  13  5 0 0  0  0 |          0  9.379e+13  1.191e+16     0 dip,quiet
 665  1          0    0  427 DEFEND 2 256   0   0  32  424 |  25.25   41  16  4 0 0  0  3 |          0  1.489e+15  1.042e+16     0 dip,quiet,release
 666  1          0    0  426 DEFEND 2 256   0   0  38  424 |  22.25   41  19  3 0 0  0  2 |          0  1.547e+15  8.876e+15     0 dip,quiet,release
 667  1          0    0  424 DEFEND 2 256   0   0  44  424 |  19.25   41  22  2 0 0  0  1 |          0  1.526e+15  7.350e+15     0 dip,quiet,release
 668  1  4.917e+13  364  422 DEFEND 2 256   0   0  44  424 |  18.75   40  22  8 0 0  0  0 |          0  1.312e+15  6.087e+15     0 release
 669  1          0    0  419   REST 2 176  16  64   2  424 |  15.75   40  25  7 0 0  5  0 |          0  4.755e+13  6.039e+15     0 dip,quiet,cooldown
 670  1          0    0  419   REST 2 176  16  64   2  424 |  12.75   40  28  6 0 0  4  0 |          0  4.718e+13  5.992e+15     0 dip,quiet,cooldown
 671  1  1.251e+14  375  419   REST 2 176  16  64   2  424 |  16.75   40  24  8 0 0  3  0 |  7.816e+12  1.328e+14  5.977e+15     0 cooldown
 672  1          0    0  419   REST 2 176  16  64   2  424 |  13.75   39  26  7 0 0  2  0 |          0  4.669e+13  5.930e+15     0 dip,quiet,cooldown
 673  1  2.325e+15  409  419   REST 2 176  16  64   2  424 |  26.00   39  13  8 0 1  1  0 |  1.453e+14  1.645e+15  6.465e+15     0 surge,cooldown
 674  1          0    0  420   REST 2 176  16  64   2  424 |  23.00   39  16  7 0 0  0  0 |          0  5.051e+13  6.414e+15     0 dip,quiet,cooldown
 675  1          0    0  420 DEFEND 2 256   0   0  38  424 |  20.00   39  19  6 0 0  0  3 |          0  9.521e+14  5.462e+15     0 dip,quiet,release
 676  1  2.786e+14  384  418 DEFEND 2 256   0   0  32  424 |  24.50   38  14  8 0 0  0  2 |          0  9.613e+14  4.779e+15     0 release
 677  1  2.042e+13  354  417 DEFEND 2 256   0   0  34  424 |  21.50   38  17  8 0 0  0  1 |          0  6.552e+14  4.145e+15     0 dip,release
 678  1          0    0  415 DEFEND 2 256   0   0  40  424 |  18.50   38  20  7 0 0  0  0 |          0  6.476e+14  3.497e+15     0 dip,quiet,release
 679  1  3.529e+14  387  413   REST 2 176  16  64   2  424 |  24.00   38  14  8 0 0  5  0 |  2.206e+13  2.699e+14  3.558e+15     0 cooldown
 680  1  1.948e+14  380  413   REST 2 176  16  64   2  424 |  26.50   37  11  8 0 0  4  0 |  1.217e+13  1.617e+14  3.579e+15     0 cooldown
 681  1          0    0  413   REST 2 176  16  64   2  424 |  23.50   37  14  7 0 0  3  0 |          0  2.796e+13  3.551e+15     0 dip,quiet,cooldown
 682  1  1.953e+14  380  413   REST 2 176  16  64   2  424 |  26.00   37  11  8 0 0  2  0 |  1.221e+13  1.620e+14  3.572e+15     0 cooldown
 683  1  6.809e+14  394  413   REST 2 176  16  64   2  424 |  31.50   37   6  8 0 1  1  0 |  4.256e+13  4.960e+14  3.714e+15     0 surge,cooldown
 684  1          0    0  414   REST 2 176  16  64   2  424 |  28.50   36   8  7 0 0  0  0 |          0  2.902e+13  3.685e+15     0 dip,quiet,cooldown
 685  1  2.031e+14  380  414 CRUISE 2 176  16  64   2  424 |  29.75   36   7  8 0 0  0  0 |  1.269e+13  1.684e+14  3.707e+15     0 -
 686  1  2.323e+13  355  414 CRUISE 2 176  16  64   2  424 |  26.75   36  10  8 0 0  0  0 |  1.452e+12  4.493e+13  3.684e+15     0 dip
 687  1          0    0  414 CRUISE 2 176  16  64   2  424 |  23.75   36  13  7 0 0  0  0 |          0  2.878e+13  3.655e+15     0 dip,quiet
 688  1          0    0  413 CRUISE 2 176  16  64   2  424 |  20.75   35  15  6 0 0  0  0 |          0  2.856e+13  3.627e+15     0 dip,quiet
 689  1          0    0  413 DEFEND 2 256   0   0  36  424 |  17.75   35  18  5 0 0  0  3 |          0  5.100e+14  3.117e+15     0 dip,quiet,release
 690  1  3.674e+15  414  412   REST 2 176  16  64   2  424 |  30.25   35   5  8 0 2  5  0 |  2.296e+14  2.550e+15  4.011e+15     0 surge,cooldown
 691  1          0    0  415   REST 2 176  16  64   2  424 |  27.25   35   8  7 0 1  4  0 |          0  3.134e+13  3.980e+15     0 dip,quiet,cooldown
 692  1          0    0  415   REST 2 176  16  64   2  424 |  24.25   34  10  6 0 0  3  0 |          0  3.109e+13  3.949e+15     0 dip,quiet,cooldown
 693  1          0    0  415   REST 2 176  16  64   2  424 |  21.25   34  13  5 0 0  2  0 |          0  3.085e+13  3.918e+15     0 dip,quiet,cooldown
 694  1          0    0  414   REST 2 176  16  64   2  424 |  18.25   34  16  4 0 0  1  0 |          0  3.061e+13  3.887e+15     0 dip,quiet,cooldown
 695  1          0    0  414   REST 2 176  16  64   2  424 |  15.25   34  19  3 0 0  0  0 |          0  3.037e+13  3.857e+15     0 dip,quiet,cooldown
 696  1          0    0  414 DEFEND 2 256   0   0  42  424 |  12.25   33  21  2 0 0  0  3 |          0  6.327e+14  3.224e+15     0 dip,quiet,release
 697  1          0    0  412 DEFEND 2 256   0   0  48  424 |   9.25   33  24  1 0 0  0  2 |          0  6.045e+14  2.619e+15     0 dip,quiet,release
 698  1          0    0  410 DEFEND 2 256   0   0  54  424 |   6.75   33  27  0 0 0  0  1 |          0  5.525e+14  2.067e+15     0 dip,quiet,release
 699  1          0    0  407 DEFEND 2 256   0   0  56  424 |   5.00   33  28  0 0 0  0  0 |          0  4.521e+14  1.615e+15     0 quiet,release
 700  1          0    0  404   REST 2 176  16  64   2  424 |   3.75   32  29  0 0 0  5  0 |          0  1.262e+13  1.602e+15     0 quiet,cooldown
 701  1  2.680e+13  357  404   REST 2 176  16  64   2  424 |  11.00   11   0  8 3 0  4  0 |  1.675e+12  3.094e+13  1.596e+15     0 cooldown,warm
 702  1  4.262e+14  389  404   REST 2 176  16  64   2  424 |  43.00   43   0  8 2 0  3  0 |  2.663e+13  3.055e+14  1.690e+15     0 cooldown,warm
 703  1          0    0  405   REST 2 176  16  64   2  424 |  40.00   43   3  7 1 0  2  0 |          0  1.321e+13  1.677e+15     0 dip,quiet,cooldown,warm
 704  1          0    0  404   REST 2 176  16  64   2  424 |  37.00   42   5  6 0 0  1  0 |          0  1.310e+13  1.664e+15     0 dip,quiet,cooldown,warm
 705  1  9.519e+14  398  404   REST 2 176  16  64   2  424 |  40.75   42   2  8 0 1  0  0 |  5.950e+13  6.675e+14  1.889e+15     0 surge,cooldown
 706  1  2.126e+15  408  406   BANK 2  72   8 176   2  424 |  46.00   46   0  8 0 2  0  0 |  6.642e+13  6.126e+14  3.336e+15     0 surge
 707  1  4.355e+16  442  412   BANK 2  56   8 192   2  424 |  58.50   58   0  8 0 3  0  0 |  1.361e+15  9.554e+15  3.598e+16     0 surge
 708  1          0    0  440   BANK 2 120   8 128   2  424 |  55.50   57   2  7 0 2  0  0 |          0  2.811e+14  3.569e+16     0 dip,quiet
 709  1  4.839e+13  364  440   BANK 2 120   8 128   2  424 |  52.50   57   5  8 0 1  0  0 |  1.512e+12  3.015e+14  3.544e+16     0 dip
 710  1          0    0  440 DEFEND 2 256   0   0  32  424 |  49.50   57   8  7 0 0  0  3 |          0  4.430e+15  3.101e+16     0 dip,quiet,release
 711  1  8.051e+13  370  438 DEFEND 2 256   0   0  32  424 |  46.50   57  11  8 0 0  0  2 |          0  3.957e+15  2.713e+16     0 dip,release
 712  1          0    0  437 DEFEND 2 256   0   0  32  424 |  43.50   56  13  7 0 0  0  1 |          0  3.392e+15  2.374e+16     0 dip,quiet,release
 713  1          0    0  435 DEFEND 2 256   0   0  32  424 |  40.50   56  16  6 0 0  0  0 |          0  2.968e+15  2.077e+16     0 dip,quiet,release
 714  1  5.926e+13  366  434   REST 2 176  16  64   2  424 |  37.50   56  19  8 0 0  5  0 |  3.704e+12  2.030e+14  2.063e+16     0 dip,cooldown
 715  1          0    0  434   REST 2 176  16  64   2  424 |  34.50   56  22  7 0 0  4  0 |          0  1.611e+14  2.047e+16     0 dip,quiet,cooldown
 716  1  4.454e+14  389  434   REST 2 176  16  64   2  424 |  36.50   55  19  8 0 0  3  0 |  2.784e+13  4.661e+14  2.042e+16     0 cooldown
 717  1  1.462e+14  377  434   REST 2 176  16  64   2  424 |  35.00   55  20  8 0 0  2  0 |  9.135e+12  2.600e+14  2.029e+16     0 cooldown
 718  1  3.543e+13  361  434   REST 2 176  16  64   2  424 |  32.00   55  23  8 0 0  1  0 |  2.215e+12  1.829e+14  2.014e+16     0 dip,cooldown
 719  1  1.248e+14  375  433   REST 2 176  16  64   2  424 |  31.25   55  24  8 0 0  0  0 |  7.802e+12  2.432e+14  2.002e+16     0 cooldown
 720  1          0    0  433 DEFEND 2 256   0   0  52  424 |  28.25   54  26  7 0 0  0  3 |          0  4.066e+15  1.595e+16     0 dip,quiet,release
 721  1  1.993e+15  407  431 DEFEND 2 256   0   0  36  424 |  36.25   54  18  8 0 0  0  2 |          0  4.236e+15  1.371e+16     0 release
 722  1          0    0  429 DEFEND 2 256   0   0  42  424 |  33.25   54  21  7 0 0  0  1 |          0  2.249e+15  1.146e+16     0 dip,quiet,release
 723  1  5.868e+14  393  427 DEFEND 2 256   0   0  36  424 |  36.50   54  18  8 0 0  0  0 |          0  2.198e+15  9.848e+15     0 release
 724  1          0    0  425   REST 2 176  16  64   2  424 |  33.50   53  20  7 0 0  5  0 |          0  7.694e+13  9.771e+15     0 dip,quiet,cooldown
 725  1  3.228e+15  412  425   REST 2 176  16  64   2  424 |  41.50   53  12  8 0 1  4  0 |  2.017e+14  2.295e+15  1.050e+16     0 surge,cooldown
 726  1          0    0  426   REST 2 176  16  64   2  424 |  38.50   53  15  7 0 0  3  0 |          0  8.204e+13  1.042e+16     0 dip,quiet,cooldown
 727  1  3.012e+14  385  426   REST 2 176  16  64   2  424 |  38.50   53  15  8 0 0  2  0 |  1.883e+13  2.885e+14  1.041e+16     0 cooldown
 728  1          0    0  426   REST 2 176  16  64   2  424 |  35.50   52  17  7 0 0  1  0 |          0  8.136e+13  1.033e+16     0 dip,quiet,cooldown
 729  1  7.676e+13  369  426   REST 2 176  16  64   2  424 |  32.50   52  20  8 0 0  0  0 |  4.797e+12  1.335e+14  1.027e+16     0 dip,cooldown
 730  1          0    0  426 DEFEND 2 256   0   0  46  424 |  29.50   52  23  7 0 0  0  3 |          0  1.846e+15  8.425e+15     0 dip,quiet,release
 731  1          0    0  423 DEFEND 2 256   0   0  52  424 |  26.50   52  26  6 0 0  0  2 |          0  1.711e+15  6.714e+15     0 dip,quiet,release
 732  1          0    0  420 DEFEND 2 256   0   0  56  424 |  23.50   51  28  5 0 0  0  1 |          0  1.469e+15  5.245e+15     0 dip,quiet,release
 733  1          0    0  418 DEFEND 2 256   0   0  62  424 |  20.50   51  31  4 0 0  0  0 |          0  1.270e+15  3.975e+15     0 dip,quiet,release
 734  1  5.330e+14  392  415   REST 2 176  16  64   2  424 |  26.75   51  25  8 0 0  5  0 |  3.331e+13  3.975e+14  4.077e+15     0 cooldown
 735  1          0    0  415   REST 2 176  16  64   2  424 |  23.75   51  28  7 0 0  4  0 |          0  3.185e+13  4.045e+15     0 dip,quiet,cooldown
 736  1  1.441e+15  403  415   REST 2 176  16  64   2  424 |  32.00   50  18  8 0 0  3  0 |  9.005e+13  1.022e+15  4.374e+15     0 cooldown
 737  1          0    0  416   REST 2 176  16  64   2  424 |  29.00   50  21  7 0 0  2  0 |          0  3.417e+13  4.340e+15     0 dip,quiet,cooldown
 738  1  3.266e+14  386  416   REST 2 176  16  64   2  424 |  31.75   50  19  8 0 0  1  0 |  2.041e+13  2.584e+14  4.387e+15     0 cooldown
 739  1  5.255e+12  338  416   REST 2 176  16  64   2  424 |  28.75   50  22  7 0 0  0  0 |  3.284e+11  3.789e+13  4.354e+15     0 dip,quiet,cooldown
 740  1          0    0  416 DEFEND 2 256   0   0  48  424 |  25.75   49  24  6 0 0  0  3 |          0  8.164e+14  3.538e+15     0 dip,quiet,release
 741  1          0    0  413 DEFEND 2 256   0   0  54  424 |  22.75   49  27  5 0 0  0  2 |          0  7.463e+14  2.792e+15     0 dip,quiet,release
 742  1          0    0  410 DEFEND 2 256   0   0  60  424 |  19.75   49  30  4 0 0  0  1 |          0  6.543e+14  2.137e+15     0 dip,quiet,release
 743  1          0    0  408 DEFEND 2 256   0   0  64  424 |  16.75   49  33  3 0 0  0  0 |          0  5.343e+14  1.603e+15     0 dip,quiet,release
 744  1          0    0  404   REST 2 176  16  64   2  424 |  13.75   48  35  2 0 0  5  0 |          0  1.252e+13  1.590e+15     0 dip,quiet,cooldown
 745  1  3.840e+15  414  404   REST 2 176  16  64   2  424 |  27.25   48  21  8 0 1  4  0 |  2.400e+14  2.652e+15  2.538e+15     0 surge,cooldown
 746  1  9.151e+14  398  410   REST 2 176  16  64   2  424 |  33.25   48  15  8 0 0  3  0 |  5.719e+13  6.489e+14  2.747e+15     0 cooldown
 747  1          0    0  410   REST 2 176  16  64   2  424 |  30.25   48  18  7 0 0  2  0 |          0  2.146e+13  2.725e+15     0 dip,quiet,cooldown
 748  1          0    0  410   REST 2 176  16  64   2  424 |  27.25   47  20  6 0 0  1  0 |          0  2.129e+13  2.704e+15     0 dip,quiet,cooldown
 749  1  1.993e+14  380  410   REST 2 176  16  64   2  424 |  28.75   47  19  8 0 0  0  0 |  1.246e+13  1.581e+14  2.733e+15     0 cooldown
 750  1          0    0  410 DEFEND 2 256   0   0  44  424 |  25.75   47  22  7 0 0  0  3 |          0  4.697e+14  2.263e+15     0 dip,quiet,release
 751  1          0    0  409 DEFEND 2 256   0   0  50  424 |  22.75   47  25  6 0 0  0  2 |          0  4.420e+14  1.821e+15     0 dip,quiet,release
 752  1          0    0  405 DEFEND 2 256   0   0  54  424 |  19.75   46  27  5 0 0  0  1 |          0  3.841e+14  1.437e+15     0 dip,quiet,release
 753  1          0    0  403 DEFEND 2 256   0   0  60  424 |  16.75   46  30  4 0 0  0  0 |          0  3.368e+14  1.100e+15     0 dip,quiet,release
 754  1          0    0  400   REST 2 176  16  64   2  424 |  13.75   46  33  3 0 0  5  0 |          0  8.595e+12  1.092e+15     0 dip,quiet,cooldown
 755  1  1.998e+14  380  400   REST 2 176  16  64   2  424 |  18.75   46  28  8 0 0  4  0 |  1.249e+13  1.459e+14  1.133e+15     0 cooldown
 756  1          0    0  401   REST 2 176  16  64   2  424 |  15.75   45  30  7 0 0  3  0 |          0  8.852e+12  1.124e+15     0 dip,quiet,cooldown
 757  1          0    0  400   REST 2 176  16  64   2  424 |  12.75   45  33  6 0 0  2  0 |          0  8.783e+12  1.115e+15     0 dip,quiet,cooldown
 758  1          0    0  400   REST 2 176  16  64   2  424 |   9.75   45  36  5 0 0  1  0 |          0  8.714e+12  1.107e+15     0 dip,quiet,cooldown
 759  1          0    0  400   REST 2 176  16  64   2  424 |   7.25   45  38  4 0 0  0  0 |          0  8.646e+12  1.098e+15     0 dip,quiet,cooldown
 760  1  1.841e+14  379  400 DEFEND 2 256   0   0  62  424 |  13.50   44  31  8 0 0  0  3 |          0  4.501e+14  8.321e+14     0 release
 761  1          0    0  396 DEFEND 2 256   0   0  64  424 |  10.50   44  34  7 0 0  0  2 |          0  2.080e+14  6.241e+14     0 dip,quiet,release
 762  1          0    0  393 DEFEND 2 256   0   0  64  424 |   7.75   44  37  6 0 0  0  1 |          0  1.560e+14  4.681e+14     0 dip,quiet,release
 763  1  7.449e+14  395  390 DEFEND 2 256   0   0  52  424 |  18.00   44  26  8 0 0  0  0 |          0  8.399e+14  3.730e+14     0 release
 764  1          0    0  387   REST 2 176  16  64   2  424 |  15.00   43  28  7 0 0  5  0 |          0  2.914e+12  3.701e+14     0 dip,quiet,cooldown
 765  1  1.040e+15  399  387   REST 2 176  16  64   2  424 |  24.50   43  19  8 0 1  4  0 |  6.501e+13  7.180e+14  6.272e+14     0 surge,cooldown
 766  1          0    0  393   REST 2 176  16  64   2  424 |  21.50   43  22  7 0 0  3  0 |          0  4.900e+12  6.223e+14     0 dip,quiet,cooldown
 767  1  6.653e+14  394  393   REST 2 176  16  64   2  424 |  28.00   43  15  8 0 0  2  0 |  4.158e+13  4.623e+14  7.838e+14     0 cooldown
 768  1          0    0  396   REST 2 176  16  64   2  424 |  25.00   42  17  7 0 0  1  0 |          0  6.123e+12  7.777e+14     0 dip,quiet,cooldown
 769  1  5.755e+13  366  396   REST 2 176  16  64   2  424 |  23.75   42  19  8 0 0  0  0 |  3.597e+12  4.564e+13  7.860e+14     0 cooldown
 770  1          0    0  396 DEFEND 2 256   0   0  44  424 |  20.75   42  22  7 0 0  0  3 |          0  1.351e+14  6.509e+14     0 dip,quiet,release
 771  1          0    0  394 DEFEND 2 256   0   0  50  424 |  17.75   42  25  6 0 0  0  2 |          0  1.271e+14  5.238e+14     0 dip,quiet,release
 772  1          0    0  391 DEFEND 2 256   0   0  54  424 |  14.75   41  27  5 0 0  0  1 |          0  1.105e+14  4.133e+14     0 dip,quiet,release
 773  1  1.404e+14  376  388   REST 2 176  16  64   2  424 |  18.50   41  23  8 0 0  5  0 |  8.772e+12  9.972e+13  4.451e+14     0 cooldown
 774  1  1.115e+14  373  389   REST 2 176  16  64   2  424 |  20.50   41  21  8 0 0  4  0 |  6.971e+12  8.016e+13  4.695e+14     0 cooldown
 775  1          0    0  390   REST 2 176  16  64   2  424 |  17.50   41  24  7 0 0  3  0 |          0  3.668e+12  4.659e+14     0 dip,quiet,cooldown
 776  1  9.938e+13  372  390   REST 2 176  16  64   2  424 |  19.50   40  21  8 0 0  2  0 |  6.212e+12  7.197e+13  4.871e+14     0 cooldown
 777  1          0    0  390   REST 2 176  16  64   2  424 |  16.50   40  24  7 0 0  1  0 |          0  3.805e+12  4.833e+14     0 dip,quiet,cooldown
 778  1  2.284e+15  409  390   REST 2 176  16  64   2  424 |  28.00   40  12  8 0 1  0  0 |  1.427e+14  1.574e+15  1.050e+15     0 surge,cooldown
 779  1          0    0  399 CRUISE 2 176  16  64   2  424 |  25.00   40  15  7 0 0  0  0 |          0  8.207e+12  1.042e+15     0 dip,quiet
 780  1          0    0  399 DEFEND 2 256   0   0  34  424 |  22.00   39  17  6 0 0  0  3 |          0  1.384e+14  9.038e+14     0 dip,quiet,release
 781  1          0    0  397 DEFEND 2 256   0   0  40  424 |  19.00   39  20  5 0 0  0  2 |          0  1.412e+14  7.626e+14     0 dip,quiet,release
 782  1          0    0  395 DEFEND 2 256   0   0  46  424 |  16.00   39  23  4 0 0  0  1 |          0  1.370e+14  6.256e+14     0 dip,quiet,release
 783  1  6.189e+14  393  393   REST 2 176  16  64   2  424 |  23.75   39  16  8 0 1  5  0 |  3.868e+13  4.304e+14  7.754e+14     0 surge,cooldown
 784  1          0    0  396   REST 2 176  16  64   2  424 |  20.75   38  18  7 0 0  4  0 |          0  6.058e+12  7.693e+14     0 dip,quiet,cooldown
 785  1          0    0  395   REST 2 176  16  64   2  424 |  17.75   38  21  6 0 0  3  0 |          0  6.010e+12  7.633e+14     0 dip,quiet,cooldown
 786  1  4.366e+14  389  395   REST 2 176  16  64   2  424 |  24.00   38  14  8 0 0  2  0 |  2.729e+13  3.061e+14  8.665e+14     0 cooldown
 787  1          0    0  397   REST 2 176  16  64   2  424 |  21.00   38  17  7 0 0  1  0 |          0  6.770e+12  8.597e+14     0 dip,quiet,cooldown
 788  1  7.676e+15  422  397   REST 2 176  16  64   2  424 |  34.75   37   3  8 0 2  0  0 |  4.797e+14  5.284e+15  2.772e+15     0 surge,cooldown
 789  1  1.486e+15  403  410   BANK 2  72   8 176   2  424 |  40.25   40   0  8 0 3  0  0 |  4.645e+13  4.397e+14  3.772e+15     0 surge
 790  1  9.755e+13  372  414   BANK 2 120   8 128   2  424 |  37.25   40   3  8 0 2  0  0 |  3.048e+12  7.519e+13  3.791e+15     0 dip
 791  1          0    0  414   BANK 2 120   8 128   2  424 |  34.25   40   6  7 0 1  0  0 |          0  2.962e+13  3.762e+15     0 dip,quiet
 792  1          0    0  414 DEFEND 2 256   0   0  32  424 |  31.25   39   8  6 0 0  0  3 |          0  4.702e+14  3.292e+15     0 dip,quiet,release
 793  1          0    0  412 DEFEND 2 256   0   0  32  424 |  28.25   39  11  5 0 0  0  2 |          0  4.115e+14  2.880e+15     0 dip,quiet,release
 794  1  5.643e+14  393  411   REST 2 176  16  64   2  424 |  32.75   39   7  8 0 1  5  0 |  3.527e+13  4.105e+14  2.999e+15     0 surge,cooldown
 795  1  1.886e+15  406  411   REST 2 176  16  64   2  424 |  39.50   39   0  8 0 2  4  0 |  1.179e+14  1.320e+15  3.447e+15     0 surge,cooldown
 796  1          0    0  413   REST 2 176  16  64   2  424 |  36.50   38   2  7 0 1  3  0 |          0  2.693e+13  3.420e+15     0 dip,quiet,cooldown
 797  1  1.416e+15  403  413   REST 2 176  16  64   2  424 |  41.50   41   0  8 0 2  2  0 |  8.847e+13  9.999e+14  3.747e+15     0 surge,cooldown
 798  1          0    0  414   REST 2 176  16  64   2  424 |  38.50   41   3  7 0 1  1  0 |          0  2.927e+13  3.718e+15     0 dip,quiet,cooldown
 799  1  6.682e+14  394  414   REST 2 176  16  64   2  424 |  40.75   41   1  8 0 0  0  0 |  4.176e+13  4.884e+14  3.856e+15     0 cooldown
 800  1          0    0  414 CRUISE 2 176  16  64   2  424 |  37.75   40   3  7 0 0  0  0 |          0  3.012e+13  3.826e+15     0 dip,quiet

noisy-dollars          ep  800 settles  800  in 4.020e+17  allow   6.0%  bought  93.0%  left   1.0%  maxRes  71.6 ep  tier 2  clamp 0  {'IDLE': 4, 'CRUISE': 164, 'BANK': 63, 'DEFEND': 203, 'REST': 366}
